ISO-10303-21;
HEADER;
FILE_DESCRIPTION (( 'STEP AP214' ),
    '1' );
FILE_NAME ('HSMF-C118.STEP',
    '2023-12-25T18:50:52',
    ( 'LENOVO' ),
    ( '' ),
    'SwSTEP 2.0',
    'SolidWorks 2021',
    '' );
FILE_SCHEMA (( 'AUTOMOTIVE_DESIGN' ));
ENDSEC;

DATA;
#1 = EDGE_CURVE ( 'NONE', #2644, #2561, #354, .T. ) ;
#2 = ADVANCED_FACE ( 'NONE', ( #2723 ), #597, .F. ) ;
#3 = VECTOR ( 'NONE', #933, 1000.000000000000000 ) ;
#4 = EDGE_CURVE ( 'NONE', #2651, #1007, #336, .T. ) ;
#5 = PLANE ( 'NONE',  #3460 ) ;
#6 = ORIENTED_EDGE ( 'NONE', *, *, #1427, .F. ) ;
#7 = ORIENTED_EDGE ( 'NONE', *, *, #2388, .T. ) ;
#8 = DIRECTION ( 'NONE',  ( 0.000000000000000000, 0.000000000000000000, -1.000000000000000000 ) ) ;
#9 = DIRECTION ( 'NONE',  ( 1.000000000000000000, 0.000000000000000000, -7.744301232039317914E-17 ) ) ;
#10 = PLANE ( 'NONE',  #2509 ) ;
#11 = EDGE_CURVE ( 'NONE', #596, #2376, #361, .T. ) ;
#12 = FACE_OUTER_BOUND ( 'NONE', #1307, .T. ) ;
#13 = EDGE_CURVE ( 'NONE', #3267, #3254, #2756, .T. ) ;
#14 = ORIENTED_EDGE ( 'NONE', *, *, #1969, .T. ) ;
#15 = ORIENTED_EDGE ( 'NONE', *, *, #2950, .F. ) ;
#16 = DIRECTION ( 'NONE',  ( -0.7071067811865512365, -0.000000000000000000, 0.7071067811865439090 ) ) ;
#17 = CARTESIAN_POINT ( 'NONE',  ( 1.000000000000000444, 0.4899999999999999911, -1.350000000000000089 ) ) ;
#18 = DIRECTION ( 'NONE',  ( -0.000000000000000000, -1.000000000000000000, -0.000000000000000000 ) ) ;
#19 = VECTOR ( 'NONE', #3016, 1000.000000000000000 ) ;
#20 = ORIENTED_EDGE ( 'NONE', *, *, #3473, .F. ) ;
#21 = ORIENTED_EDGE ( 'NONE', *, *, #2324, .T. ) ;
#22 = EDGE_CURVE ( 'NONE', #942, #1498, #288, .T. ) ;
#23 = VECTOR ( 'NONE', #698, 1000.000000000000000 ) ;
#24 = ORIENTED_EDGE ( 'NONE', *, *, #432, .F. ) ;
#25 = VERTEX_POINT ( 'NONE', #450 ) ;
#26 = CARTESIAN_POINT ( 'NONE',  ( -1.600000000000000089, 0.000000000000000000, -0.7500000000000000000 ) ) ;
#27 = VECTOR ( 'NONE', #916, 1000.000000000000000 ) ;
#28 = VERTEX_POINT ( 'NONE', #3014 ) ;
#29 = ORIENTED_EDGE ( 'NONE', *, *, #85, .T. ) ;
#30 = CARTESIAN_POINT ( 'NONE',  ( -0.8999999999999999112, 0.000000000000000000, -1.300000000000000266 ) ) ;
#31 = CARTESIAN_POINT ( 'NONE',  ( -1.599999999999999867, 0.4899999999999999911, 1.350000000000000089 ) ) ;
#32 = ADVANCED_FACE ( 'NONE', ( #2798 ), #724, .F. ) ;
#33 = MECHANICAL_DESIGN_GEOMETRIC_PRESENTATION_REPRESENTATION (  '', ( #2889 ), #1109 ) ;
#34 = LINE ( 'NONE', #2986, #2574 ) ;
#35 = EDGE_LOOP ( 'NONE', ( #186, #1783, #2002, #2599, #927, #886 ) ) ;
#36 = ORIENTED_EDGE ( 'NONE', *, *, #1090, .F. ) ;
#37 = CARTESIAN_POINT ( 'NONE',  ( -1.000000000000000000, 0.4899999999999999911, -1.300000000000000266 ) ) ;
#38 = DIRECTION ( 'NONE',  ( 1.000000000000000000, -0.000000000000000000, -1.807003620809174632E-16 ) ) ;
#39 = AXIS2_PLACEMENT_3D ( 'NONE', #845, #1995, #2231 ) ;
#40 = LINE ( 'NONE', #2345, #27 ) ;
#41 = EDGE_LOOP ( 'NONE', ( #3430, #610, #741, #71 ) ) ;
#42 = VECTOR ( 'NONE', #666, 1000.000000000000000 ) ;
#43 = EDGE_CURVE ( 'NONE', #2178, #1300, #2829, .T. ) ;
#44 = ORIENTED_EDGE ( 'NONE', *, *, #2735, .F. ) ;
#45 = ORIENTED_EDGE ( 'NONE', *, *, #2013, .F. ) ;
#46 = DIRECTION ( 'NONE',  ( 1.000000000000000000, 0.000000000000000000, -1.807003620809174632E-16 ) ) ;
#47 = EDGE_CURVE ( 'NONE', #2933, #3297, #1538, .T. ) ;
#48 = LINE ( 'NONE', #154, #19 ) ;
#49 = DIRECTION ( 'NONE',  ( -0.000000000000000000, -1.000000000000000000, -0.000000000000000000 ) ) ;
#50 = EDGE_LOOP ( 'NONE', ( #328, #2545, #337, #2109, #2412 ) ) ;
#51 = ORIENTED_EDGE ( 'NONE', *, *, #2645, .T. ) ;
#52 = CARTESIAN_POINT ( 'NONE',  ( 0.000000000000000000, 0.000000000000000000, -0.8999999999999996891 ) ) ;
#53 = DIRECTION ( 'NONE',  ( 1.000000000000000000, 0.000000000000000000, 0.000000000000000000 ) ) ;
#54 = EDGE_CURVE ( 'NONE', #2544, #1818, #1506, .T. ) ;
#55 = VECTOR ( 'NONE', #1456, 1000.000000000000000 ) ;
#56 = VERTEX_POINT ( 'NONE', #1223 ) ;
#57 = CARTESIAN_POINT ( 'NONE',  ( -0.3000000000000000444, 0.01000000000000000021, -0.5999999999999998668 ) ) ;
#58 = CARTESIAN_POINT ( 'NONE',  ( -0.9000000000000004663, 1.793840481040530399, 1.299999999999999822 ) ) ;
#59 = DIRECTION ( 'NONE',  ( 1.000000000000000000, 0.000000000000000000, 4.018540298315434880E-17 ) ) ;
#60 = VECTOR ( 'NONE', #2300, 1000.000000000000000 ) ;
#61 = ORIENTED_EDGE ( 'NONE', *, *, #2241, .T. ) ;
#62 = ORIENTED_EDGE ( 'NONE', *, *, #783, .T. ) ;
#63 = FILL_AREA_STYLE_COLOUR ( '', #2779 ) ;
#64 = VECTOR ( 'NONE', #1841, 1000.000000000000000 ) ;
#65 = EDGE_LOOP ( 'NONE', ( #2319, #2669, #2135, #193 ) ) ;
#66 = CARTESIAN_POINT ( 'NONE',  ( -1.599999999999999867, 0.5000000000000000000, -0.2500000000000004441 ) ) ;
#67 = VERTEX_POINT ( 'NONE', #1782 ) ;
#68 = DIRECTION ( 'NONE',  ( -0.000000000000000000, -0.000000000000000000, -1.000000000000000000 ) ) ;
#69 = VECTOR ( 'NONE', #1208, 1000.000000000000000 ) ;
#70 = ORIENTED_EDGE ( 'NONE', *, *, #2493, .T. ) ;
#71 = ORIENTED_EDGE ( 'NONE', *, *, #22, .F. ) ;
#72 = AXIS2_PLACEMENT_3D ( 'NONE', #2566, #1711, #2847 ) ;
#73 = PLANE ( 'NONE',  #656 ) ;
#74 = DIRECTION ( 'NONE',  ( -0.000000000000000000, 1.000000000000000000, -0.000000000000000000 ) ) ;
#75 = LINE ( 'NONE', #871, #1309 ) ;
#76 = ORIENTED_EDGE ( 'NONE', *, *, #952, .F. ) ;
#77 = VERTEX_POINT ( 'NONE', #2239 ) ;
#78 = ADVANCED_FACE ( 'NONE', ( #1586 ), #1578, .F. ) ;
#79 = EDGE_CURVE ( 'NONE', #1232, #3615, #2769, .T. ) ;
#80 = DIRECTION ( 'NONE',  ( -1.000000000000000000, 0.000000000000000000, 0.000000000000000000 ) ) ;
#81 = CARTESIAN_POINT ( 'NONE',  ( 0.000000000000000000, 0.01000000000000000021, -0.8999999999999996891 ) ) ;
#82 = FACE_OUTER_BOUND ( 'NONE', #929, .T. ) ;
#83 = PLANE ( 'NONE',  #1485 ) ;
#84 = ORIENTED_EDGE ( 'NONE', *, *, #1863, .F. ) ;
#85 = EDGE_CURVE ( 'NONE', #2038, #1178, #2762, .T. ) ;
#86 = EDGE_CURVE ( 'NONE', #1837, #215, #266, .T. ) ;
#87 = ORIENTED_EDGE ( 'NONE', *, *, #310, .F. ) ;
#88 = DIRECTION ( 'NONE',  ( 0.000000000000000000, 0.000000000000000000, -1.000000000000000000 ) ) ;
#89 = CARTESIAN_POINT ( 'NONE',  ( -1.000000000000000000, 0.5000000000000000000, 1.350000000000000089 ) ) ;
#90 = CARTESIAN_POINT ( 'NONE',  ( -3.673940397442057649E-17, 0.01000000000000000021, -0.5999999999999998668 ) ) ;
#91 = LINE ( 'NONE', #366, #1247 ) ;
#92 = ORIENTED_EDGE ( 'NONE', *, *, #1637, .F. ) ;
#93 = ORIENTED_EDGE ( 'NONE', *, *, #2869, .F. ) ;
#94 = EDGE_CURVE ( 'NONE', #3118, #2823, #384, .T. ) ;
#95 = CARTESIAN_POINT ( 'NONE',  ( 0.9000000000000003553, 0.4899999999999999911, -1.300000000000000266 ) ) ;
#96 = CARTESIAN_POINT ( 'NONE',  ( 1.600000000000000977, 0.000000000000000000, 1.299999999999997602 ) ) ;
#97 = CARTESIAN_POINT ( 'NONE',  ( 1.000000000000000444, 0.4899999999999999911, -1.350000000000000089 ) ) ;
#98 = EDGE_LOOP ( 'NONE', ( #544, #1227, #603, #812, #2516, #2496 ) ) ;
#99 = VERTEX_POINT ( 'NONE', #158 ) ;
#100 = DIRECTION ( 'NONE',  ( -1.000000000000000000, 0.000000000000000000, 0.000000000000000000 ) ) ;
#101 = DIRECTION ( 'NONE',  ( -7.744301232039317914E-17, 0.000000000000000000, 1.000000000000000000 ) ) ;
#102 = VECTOR ( 'NONE', #2217, 1000.000000000000000 ) ;
#103 = CARTESIAN_POINT ( 'NONE',  ( 1.600000000000000311, 0.000000000000000000, 0.1999999999999982903 ) ) ;
#104 = ORIENTED_EDGE ( 'NONE', *, *, #1605, .F. ) ;
#105 = VERTEX_POINT ( 'NONE', #370 ) ;
#106 = DIRECTION ( 'NONE',  ( 0.000000000000000000, 1.000000000000000000, 0.000000000000000000 ) ) ;
#107 = AXIS2_PLACEMENT_3D ( 'NONE', #1079, #829, #3133 ) ;
#108 = LINE ( 'NONE', #1532, #1305 ) ;
#109 = ORIENTED_EDGE ( 'NONE', *, *, #2657, .F. ) ;
#110 = DIRECTION ( 'NONE',  ( -0.000000000000000000, 1.000000000000000000, -0.000000000000000000 ) ) ;
#111 = EDGE_LOOP ( 'NONE', ( #2179, #3337, #1811, #314 ) ) ;
#112 = DIRECTION ( 'NONE',  ( 0.000000000000000000, 0.000000000000000000, -1.000000000000000000 ) ) ;
#113 = CARTESIAN_POINT ( 'NONE',  ( 0.9000000000000009104, 1.793840481040530399, 1.299999999999998046 ) ) ;
#114 =( NAMED_UNIT ( * ) SI_UNIT ( $, .STERADIAN. ) SOLID_ANGLE_UNIT ( ) );
#115 = AXIS2_PLACEMENT_3D ( 'NONE', #224, #171, #445 ) ;
#116 = FACE_OUTER_BOUND ( 'NONE', #2222, .T. ) ;
#117 = ORIENTED_EDGE ( 'NONE', *, *, #687, .T. ) ;
#118 = ORIENTED_EDGE ( 'NONE', *, *, #400, .T. ) ;
#119 = CARTESIAN_POINT ( 'NONE',  ( 0.2999999999999998779, 0.01000000000000002623, 1.349000000000000199 ) ) ;
#120 = CARTESIAN_POINT ( 'NONE',  ( 0.2999999999999998779, 0.01000000000000000021, 1.349000000000000199 ) ) ;
#121 = DIRECTION ( 'NONE',  ( -0.000000000000000000, -0.000000000000000000, -1.000000000000000000 ) ) ;
#122 = VECTOR ( 'NONE', #1012, 1000.000000000000000 ) ;
#123 = EDGE_CURVE ( 'NONE', #1658, #1015, #1559, .T. ) ;
#124 = ORIENTED_EDGE ( 'NONE', *, *, #133, .T. ) ;
#125 = VERTEX_POINT ( 'NONE', #703 ) ;
#126 = PLANE ( 'NONE',  #860 ) ;
#127 = CARTESIAN_POINT ( 'NONE',  ( 0.000000000000000000, 0.01000000000000000021, 1.349000000000000199 ) ) ;
#128 = VECTOR ( 'NONE', #2436, 999.9999999999998863 ) ;
#129 = CARTESIAN_POINT ( 'NONE',  ( -1.000000000000000000, 0.4899999999999999911, 0.2499999999999994726 ) ) ;
#130 = ORIENTED_EDGE ( 'NONE', *, *, #2944, .F. ) ;
#131 = ORIENTED_EDGE ( 'NONE', *, *, #920, .F. ) ;
#132 = EDGE_CURVE ( 'NONE', #3291, #2561, #1593, .T. ) ;
#133 = EDGE_CURVE ( 'NONE', #3394, #1546, #1608, .T. ) ;
#134 = CARTESIAN_POINT ( 'NONE',  ( 0.2999999999999999889, 0.01000000000000000021, -1.349000000000000199 ) ) ;
#135 = VECTOR ( 'NONE', #112, 1000.000000000000000 ) ;
#136 = ORIENTED_EDGE ( 'NONE', *, *, #500, .T. ) ;
#137 = DIRECTION ( 'NONE',  ( -0.000000000000000000, 0.000000000000000000, 1.000000000000000000 ) ) ;
#138 = ORIENTED_EDGE ( 'NONE', *, *, #1588, .F. ) ;
#139 = CARTESIAN_POINT ( 'NONE',  ( 1.600000000000000311, -2.275863337187866264, -0.4500000000000006217 ) ) ;
#140 = ADVANCED_FACE ( 'NONE', ( #368 ), #3243, .F. ) ;
#141 = DIRECTION ( 'NONE',  ( 0.000000000000000000, -1.000000000000000000, 0.000000000000000000 ) ) ;
#142 = EDGE_CURVE ( 'NONE', #187, #1379, #1512, .T. ) ;
#143 = LINE ( 'NONE', #1668, #213 ) ;
#144 = ORIENTED_EDGE ( 'NONE', *, *, #826, .F. ) ;
#145 = ORIENTED_EDGE ( 'NONE', *, *, #1921, .T. ) ;
#146 = DIRECTION ( 'NONE',  ( -6.195440985631454331E-16, 0.000000000000000000, 1.000000000000000000 ) ) ;
#147 = DIRECTION ( 'NONE',  ( -1.000000000000000000, 0.000000000000000000, -1.807003620809174632E-16 ) ) ;
#148 = CARTESIAN_POINT ( 'NONE',  ( 0.2999999999999999889, 0.01000000000000000021, -1.349000000000000199 ) ) ;
#149 = ORIENTED_EDGE ( 'NONE', *, *, #1380, .T. ) ;
#150 = ORIENTED_EDGE ( 'NONE', *, *, #2355, .T. ) ;
#151 = MANIFOLD_SOLID_BREP ( 'Cut-Extrude5[3]', #1294 ) ;
#152 = DIRECTION ( 'NONE',  ( -1.000000000000000000, 0.000000000000000000, 0.000000000000000000 ) ) ;
#153 = VECTOR ( 'NONE', #2547, 1000.000000000000000 ) ;
#154 = CARTESIAN_POINT ( 'NONE',  ( 1.600000000000000311, 0.4899999999999999911, 1.049999999999997602 ) ) ;
#155 = ORIENTED_EDGE ( 'NONE', *, *, #3507, .T. ) ;
#156 = VERTEX_POINT ( 'NONE', #946 ) ;
#157 = AXIS2_PLACEMENT_3D ( 'NONE', #3472, #3231, #1786 ) ;
#158 = CARTESIAN_POINT ( 'NONE',  ( -1.599999999999999867, 0.4899999999999999911, 0.1999999999999991784 ) ) ;
#159 = VECTOR ( 'NONE', #1718, 1000.000000000000000 ) ;
#160 = VERTEX_POINT ( 'NONE', #2891 ) ;
#161 = FILL_AREA_STYLE_COLOUR ( '', #2301 ) ;
#162 = EDGE_LOOP ( 'NONE', ( #575, #808, #2039, #3003 ) ) ;
#163 = PLANE ( 'NONE',  #2037 ) ;
#164 = PLANE ( 'NONE',  #1946 ) ;
#165 = DIRECTION ( 'NONE',  ( 0.000000000000000000, 1.000000000000000000, 0.000000000000000000 ) ) ;
#166 = LINE ( 'NONE', #2148, #1394 ) ;
#167 = ORIENTED_EDGE ( 'NONE', *, *, #2637, .F. ) ;
#168 = VERTEX_POINT ( 'NONE', #1460 ) ;
#169 = ADVANCED_FACE ( 'NONE', ( #459 ), #2870, .T. ) ;
#170 = CARTESIAN_POINT ( 'NONE',  ( -0.8999999999999999112, 1.793840481040530399, 0.1999999999999995948 ) ) ;
#171 = DIRECTION ( 'NONE',  ( 0.000000000000000000, 1.000000000000000000, 0.000000000000000000 ) ) ;
#172 = EDGE_CURVE ( 'NONE', #2071, #284, #416, .T. ) ;
#173 = CARTESIAN_POINT ( 'NONE',  ( 0.9000000000000003553, 1.793840481040530399, 0.1999999999999987343 ) ) ;
#174 = LINE ( 'NONE', #2782, #191 ) ;
#175 = EDGE_CURVE ( 'NONE', #1135, #3180, #1770, .T. ) ;
#176 = ORIENTED_EDGE ( 'NONE', *, *, #1371, .T. ) ;
#177 = ORIENTED_EDGE ( 'NONE', *, *, #3357, .F. ) ;
#178 = EDGE_CURVE ( 'NONE', #105, #2888, #1651, .T. ) ;
#179 = DIRECTION ( 'NONE',  ( 0.000000000000000000, 1.000000000000000000, 0.000000000000000000 ) ) ;
#180 = DIRECTION ( 'NONE',  ( -1.000000000000000000, 0.000000000000000000, 0.000000000000000000 ) ) ;
#181 = CARTESIAN_POINT ( 'NONE',  ( -1.599999999999999867, 1.793840481040530399, -1.300000000000000266 ) ) ;
#182 = EDGE_LOOP ( 'NONE', ( #3085, #167, #3247, #3110 ) ) ;
#183 = ORIENTED_EDGE ( 'NONE', *, *, #1246, .T. ) ;
#184 = EDGE_CURVE ( 'NONE', #2049, #1539, #551, .T. ) ;
#185 = LINE ( 'NONE', #617, #2601 ) ;
#186 = ORIENTED_EDGE ( 'NONE', *, *, #1809, .T. ) ;
#187 = VERTEX_POINT ( 'NONE', #3540 ) ;
#188 = DIRECTION ( 'NONE',  ( -0.1736481776669308585, -0.9848077530122080203, 0.000000000000000000 ) ) ;
#189 = DIRECTION ( 'NONE',  ( 0.1736481776669308308, -0.9848077530122080203, 0.000000000000000000 ) ) ;
#190 = CARTESIAN_POINT ( 'NONE',  ( -1.000000000000000000, 0.4899999999999999911, -0.6499999999999960254 ) ) ;
#191 = VECTOR ( 'NONE', #252, 1000.000000000000000 ) ;
#192 = VERTEX_POINT ( 'NONE', #134 ) ;
#193 = ORIENTED_EDGE ( 'NONE', *, *, #1285, .F. ) ;
#194 = CARTESIAN_POINT ( 'NONE',  ( 1.600000000000000533, 0.5000000000000000000, -0.7500000000000004441 ) ) ;
#195 = CARTESIAN_POINT ( 'NONE',  ( -1.000000000000000000, 0.5000000000000000000, -1.350000000000000089 ) ) ;
#196 = CARTESIAN_POINT ( 'NONE',  ( 0.000000000000000000, 0.01000000000000002623, -0.8999999999999996891 ) ) ;
#197 = DIRECTION ( 'NONE',  ( -1.000000000000000000, -0.000000000000000000, -7.744301232039317914E-17 ) ) ;
#198 = AXIS2_PLACEMENT_3D ( 'NONE', #3661, #1419, #3641 ) ;
#199 = VECTOR ( 'NONE', #1191, 1000.000000000000000 ) ;
#200 = ORIENTED_EDGE ( 'NONE', *, *, #2608, .F. ) ;
#201 = VERTEX_POINT ( 'NONE', #733 ) ;
#202 = ADVANCED_FACE ( 'NONE', ( #1775 ), #3364, .T. ) ;
#203 = DIRECTION ( 'NONE',  ( 0.000000000000000000, 0.000000000000000000, -1.000000000000000000 ) ) ;
#204 = DIRECTION ( 'NONE',  ( 5.913830031739114557E-16, 0.000000000000000000, -1.000000000000000000 ) ) ;
#205 = AXIS2_PLACEMENT_3D ( 'NONE', #1159, #2092, #2365 ) ;
#206 = LINE ( 'NONE', #2053, #230 ) ;
#207 = DIRECTION ( 'NONE',  ( 0.000000000000000000, 0.000000000000000000, 1.000000000000000000 ) ) ;
#208 = PLANE ( 'NONE',  #2120 ) ;
#209 = ORIENTED_EDGE ( 'NONE', *, *, #351, .F. ) ;
#210 = VERTEX_POINT ( 'NONE', #1127 ) ;
#211 = MANIFOLD_SOLID_BREP ( 'Boss-Extrude6', #280 ) ;
#212 = DIRECTION ( 'NONE',  ( 0.000000000000000000, 0.000000000000000000, -1.000000000000000000 ) ) ;
#213 = VECTOR ( 'NONE', #2832, 1000.000000000000000 ) ;
#214 = ORIENTED_EDGE ( 'NONE', *, *, #2819, .F. ) ;
#215 = VERTEX_POINT ( 'NONE', #2740 ) ;
#216 = DIRECTION ( 'NONE',  ( 1.000000000000000000, 0.000000000000000000, 0.000000000000000000 ) ) ;
#217 = CARTESIAN_POINT ( 'NONE',  ( -1.599999999999999867, 0.4899999999999999911, -1.300000000000000266 ) ) ;
#218 = VECTOR ( 'NONE', #542, 1000.000000000000000 ) ;
#219 = ORIENTED_EDGE ( 'NONE', *, *, #2784, .F. ) ;
#220 = ORIENTED_EDGE ( 'NONE', *, *, #2348, .F. ) ;
#221 = EDGE_CURVE ( 'NONE', #1058, #1313, #1654, .T. ) ;
#222 = DIRECTION ( 'NONE',  ( 0.000000000000000000, 0.000000000000000000, -1.000000000000000000 ) ) ;
#223 = CARTESIAN_POINT ( 'NONE',  ( 1.000000000000000444, 0.4899999999999999911, -1.350000000000000089 ) ) ;
#224 = CARTESIAN_POINT ( 'NONE',  ( 0.000000000000000000, 0.5000000000000000000, 0.000000000000000000 ) ) ;
#225 = EDGE_CURVE ( 'NONE', #3060, #28, #2892, .T. ) ;
#226 = LINE ( 'NONE', #278, #1461 ) ;
#227 = ORIENTED_EDGE ( 'NONE', *, *, #1501, .F. ) ;
#228 = VERTEX_POINT ( 'NONE', #2267 ) ;
#229 = EDGE_CURVE ( 'NONE', #2066, #1430, #2855, .T. ) ;
#230 = VECTOR ( 'NONE', #3185, 1000.000000000000000 ) ;
#231 = CARTESIAN_POINT ( 'NONE',  ( 1.600000000000000311, 0.4899999999999999911, 1.049999999999997602 ) ) ;
#232 = PLANE ( 'NONE',  #107 ) ;
#233 = EDGE_LOOP ( 'NONE', ( #680, #176, #2680, #1367 ) ) ;
#234 = ORIENTED_EDGE ( 'NONE', *, *, #2282, .F. ) ;
#235 = VECTOR ( 'NONE', #1583, 1000.000000000000000 ) ;
#236 = ORIENTED_EDGE ( 'NONE', *, *, #960, .T. ) ;
#237 = DIRECTION ( 'NONE',  ( -0.000000000000000000, -0.000000000000000000, -1.000000000000000000 ) ) ;
#238 = VERTEX_POINT ( 'NONE', #3622 ) ;
#239 = CARTESIAN_POINT ( 'NONE',  ( 1.600000000000000311, 0.5000000000000000000, -1.050000000000000044 ) ) ;
#240 = VECTOR ( 'NONE', #1303, 1000.000000000000000 ) ;
#241 = ORIENTED_EDGE ( 'NONE', *, *, #2571, .F. ) ;
#242 = ORIENTED_EDGE ( 'NONE', *, *, #1004, .F. ) ;
#243 = DIRECTION ( 'NONE',  ( -0.000000000000000000, -0.000000000000000000, -1.000000000000000000 ) ) ;
#244 = PLANE ( 'NONE',  #1952 ) ;
#245 = DIRECTION ( 'NONE',  ( 0.000000000000000000, 0.000000000000000000, 1.000000000000000000 ) ) ;
#246 = LINE ( 'NONE', #1122, #1453 ) ;
#247 = VERTEX_POINT ( 'NONE', #1609 ) ;
#248 = VERTEX_POINT ( 'NONE', #2813 ) ;
#249 = AXIS2_PLACEMENT_3D ( 'NONE', #967, #1229, #293 ) ;
#250 = CARTESIAN_POINT ( 'NONE',  ( -1.600000000000000089, 0.4899999999999999911, -0.7500000000000000000 ) ) ;
#251 = DIRECTION ( 'NONE',  ( -1.000000000000000000, -0.000000000000000000, 6.195440985631454331E-16 ) ) ;
#252 = DIRECTION ( 'NONE',  ( -0.000000000000000000, -0.000000000000000000, 1.000000000000000000 ) ) ;
#253 = DIRECTION ( 'NONE',  ( 0.000000000000000000, 0.000000000000000000, -1.000000000000000000 ) ) ;
#254 = ORIENTED_EDGE ( 'NONE', *, *, #3002, .F. ) ;
#255 = EDGE_LOOP ( 'NONE', ( #1165, #3594, #3421, #2372 ) ) ;
#256 = EDGE_CURVE ( 'NONE', #1135, #2933, #2911, .T. ) ;
#257 = FACE_OUTER_BOUND ( 'NONE', #1283, .T. ) ;
#258 = ORIENTED_EDGE ( 'NONE', *, *, #3293, .F. ) ;
#259 = DIRECTION ( 'NONE',  ( 0.000000000000000000, 1.000000000000000000, 0.000000000000000000 ) ) ;
#260 = ORIENTED_EDGE ( 'NONE', *, *, #391, .T. ) ;
#261 = CARTESIAN_POINT ( 'NONE',  ( -1.600000000000000533, 1.793840481040530399, 1.299999999999999378 ) ) ;
#262 = DIRECTION ( 'NONE',  ( -1.000000000000000000, 0.000000000000000000, 0.000000000000000000 ) ) ;
#263 = ADVANCED_FACE ( 'NONE', ( #2904 ), #5, .F. ) ;
#264 = EDGE_CURVE ( 'NONE', #2537, #900, #409, .T. ) ;
#265 = LINE ( 'NONE', #261, #1551 ) ;
#266 = LINE ( 'NONE', #3285, #327 ) ;
#267 = ORIENTED_EDGE ( 'NONE', *, *, #576, .T. ) ;
#268 = EDGE_CURVE ( 'NONE', #369, #187, #2988, .T. ) ;
#269 = CARTESIAN_POINT ( 'NONE',  ( 0.000000000000000000, 0.01000000000000000021, 0.000000000000000000 ) ) ;
#270 = DIRECTION ( 'NONE',  ( 1.000000000000000000, 0.000000000000000000, 0.000000000000000000 ) ) ;
#271 = CARTESIAN_POINT ( 'NONE',  ( 0.8942038115749207927, 1.099999999999999867, -3.438061301782110224 ) ) ;
#272 = PLANE ( 'NONE',  #562 ) ;
#273 = FACE_OUTER_BOUND ( 'NONE', #757, .T. ) ;
#274 = ORIENTED_EDGE ( 'NONE', *, *, #1631, .F. ) ;
#275 = EDGE_CURVE ( 'NONE', #1546, #1232, #1788, .T. ) ;
#276 = CARTESIAN_POINT ( 'NONE',  ( 0.000000000000000000, 0.000000000000000000, 1.349000000000000199 ) ) ;
#277 = FACE_OUTER_BOUND ( 'NONE', #2070, .T. ) ;
#278 = CARTESIAN_POINT ( 'NONE',  ( -1.000000000000000000, 0.4899999999999999911, -1.350000000000000089 ) ) ;
#279 = DIRECTION ( 'NONE',  ( -5.913830031739114557E-16, -0.000000000000000000, 1.000000000000000000 ) ) ;
#280 = CLOSED_SHELL ( 'NONE', ( #856, #2971, #825, #2417, #2111, #2859, #2771, #762, #945, #1193 ) ) ;
#281 = ORIENTED_EDGE ( 'NONE', *, *, #2902, .T. ) ;
#282 = LINE ( 'NONE', #2074, #383 ) ;
#283 = ORIENTED_EDGE ( 'NONE', *, *, #304, .T. ) ;
#284 = VERTEX_POINT ( 'NONE', #1039 ) ;
#285 = CARTESIAN_POINT ( 'NONE',  ( -0.8999999999999999112, 0.4899999999999999911, -0.2000000000000000944 ) ) ;
#286 = CARTESIAN_POINT ( 'NONE',  ( 0.000000000000000000, 0.000000000000000000, 0.000000000000000000 ) ) ;
#287 = LINE ( 'NONE', #905, #2792 ) ;
#288 = LINE ( 'NONE', #1807, #2775 ) ;
#289 = VERTEX_POINT ( 'NONE', #3533 ) ;
#290 = ADVANCED_FACE ( 'NONE', ( #1669 ), #1204, .T. ) ;
#291 = DIRECTION ( 'NONE',  ( 0.000000000000000000, 0.000000000000000000, 1.000000000000000000 ) ) ;
#292 = CARTESIAN_POINT ( 'NONE',  ( 1.600000000000000533, 0.4899999999999999911, -1.300000000000000266 ) ) ;
#293 = DIRECTION ( 'NONE',  ( 5.913830031739119487E-16, 0.000000000000000000, 1.000000000000000000 ) ) ;
#294 = LINE ( 'NONE', #119, #2818 ) ;
#295 = MECHANICAL_DESIGN_GEOMETRIC_PRESENTATION_REPRESENTATION (  '', ( #901 ), #3139 ) ;
#296 = EDGE_LOOP ( 'NONE', ( #1244, #2883, #1386, #659 ) ) ;
#297 = ORIENTED_EDGE ( 'NONE', *, *, #1648, .F. ) ;
#298 = CARTESIAN_POINT ( 'NONE',  ( 0.2999999999999999889, 0.01000000000000002623, -1.349000000000000199 ) ) ;
#299 = LINE ( 'NONE', #2928, #2748 ) ;
#300 = PLANE ( 'NONE',  #1230 ) ;
#301 = VECTOR ( 'NONE', #203, 1000.000000000000000 ) ;
#302 = ORIENTED_EDGE ( 'NONE', *, *, #1285, .T. ) ;
#303 = EDGE_CURVE ( 'NONE', #1277, #469, #440, .T. ) ;
#304 = EDGE_CURVE ( 'NONE', #611, #2507, #1646, .T. ) ;
#305 = LINE ( 'NONE', #2837, #1544 ) ;
#306 = VECTOR ( 'NONE', #1425, 1000.000000000000000 ) ;
#307 = ORIENTED_EDGE ( 'NONE', *, *, #1038, .T. ) ;
#308 = DIRECTION ( 'NONE',  ( 6.195440985631454331E-16, 0.000000000000000000, -1.000000000000000000 ) ) ;
#309 = FILL_AREA_STYLE_COLOUR ( '', #1924 ) ;
#310 = EDGE_CURVE ( 'NONE', #2139, #1387, #2861, .T. ) ;
#311 = EDGE_CURVE ( 'NONE', #2956, #1044, #2882, .T. ) ;
#312 = VECTOR ( 'NONE', #188, 1000.000000000000000 ) ;
#313 = ADVANCED_FACE ( 'NONE', ( #2845 ), #428, .F. ) ;
#314 = ORIENTED_EDGE ( 'NONE', *, *, #773, .F. ) ;
#315 = VERTEX_POINT ( 'NONE', #965 ) ;
#316 = CARTESIAN_POINT ( 'NONE',  ( -1.000000000000000000, 0.5000000000000000000, 1.350000000000000089 ) ) ;
#317 = CARTESIAN_POINT ( 'NONE',  ( -0.8999999999999999112, 0.4899999999999999911, -1.300000000000000266 ) ) ;
#318 = VECTOR ( 'NONE', #788, 1000.000000000000000 ) ;
#319 = EDGE_CURVE ( 'NONE', #3658, #2178, #2886, .T. ) ;
#320 = ORIENTED_EDGE ( 'NONE', *, *, #840, .T. ) ;
#321 = ORIENTED_EDGE ( 'NONE', *, *, #3553, .T. ) ;
#322 = ADVANCED_FACE ( 'NONE', ( #1675 ), #126, .T. ) ;
#323 = DIRECTION ( 'NONE',  ( -0.000000000000000000, -1.000000000000000000, -0.000000000000000000 ) ) ;
#324 = LINE ( 'NONE', #95, #2703 ) ;
#325 = CARTESIAN_POINT ( 'NONE',  ( 0.9000000000000003553, 0.4899999999999999911, -1.300000000000000266 ) ) ;
#326 = CARTESIAN_POINT ( 'NONE',  ( 0.2999999999999998779, 0.000000000000000000, 1.349000000000000199 ) ) ;
#327 = VECTOR ( 'NONE', #3561, 1000.000000000000000 ) ;
#328 = ORIENTED_EDGE ( 'NONE', *, *, #1459, .F. ) ;
#329 = UNCERTAINTY_MEASURE_WITH_UNIT (LENGTH_MEASURE( 1.000000000000000082E-05 ), #2713, 'distance_accuracy_value', 'NONE');
#330 = LINE ( 'NONE', #1724, #1511 ) ;
#331 = VECTOR ( 'NONE', #641, 1000.000000000000000 ) ;
#332 = ORIENTED_EDGE ( 'NONE', *, *, #3593, .T. ) ;
#333 = DIRECTION ( 'NONE',  ( 0.000000000000000000, 1.000000000000000000, 0.000000000000000000 ) ) ;
#334 = DIRECTION ( 'NONE',  ( 0.000000000000000000, 1.000000000000000000, 0.000000000000000000 ) ) ;
#335 = VECTOR ( 'NONE', #1792, 1000.000000000000000 ) ;
#336 = LINE ( 'NONE', #1745, #2811 ) ;
#337 = ORIENTED_EDGE ( 'NONE', *, *, #3525, .F. ) ;
#338 = DIRECTION ( 'NONE',  ( -0.000000000000000000, 1.000000000000000000, -0.000000000000000000 ) ) ;
#339 = CARTESIAN_POINT ( 'NONE',  ( 1.600000000000000533, 0.000000000000000000, 0.4499999999999984013 ) ) ;
#340 = PLANE ( 'NONE',  #72 ) ;
#341 = VECTOR ( 'NONE', #549, 1000.000000000000000 ) ;
#342 = ADVANCED_FACE ( 'NONE', ( #1705 ), #2909, .F. ) ;
#343 = PRESENTATION_STYLE_ASSIGNMENT (( #2594 ) ) ;
#344 = ORIENTED_EDGE ( 'NONE', *, *, #184, .T. ) ;
#345 = EDGE_CURVE ( 'NONE', #930, #3643, #491, .T. ) ;
#346 = DIRECTION ( 'NONE',  ( -1.000000000000000000, -0.000000000000000000, -0.000000000000000000 ) ) ;
#347 = LINE ( 'NONE', #2490, #1577 ) ;
#348 = DIRECTION ( 'NONE',  ( 0.000000000000000000, 0.000000000000000000, -1.000000000000000000 ) ) ;
#349 = DIRECTION ( 'NONE',  ( 0.000000000000000000, 0.000000000000000000, -1.000000000000000000 ) ) ;
#350 = ORIENTED_EDGE ( 'NONE', *, *, #11, .F. ) ;
#351 = EDGE_CURVE ( 'NONE', #168, #2537, #1633, .T. ) ;
#352 = DIRECTION ( 'NONE',  ( 1.000000000000000000, 0.000000000000000000, -0.000000000000000000 ) ) ;
#353 = LINE ( 'NONE', #887, #1503 ) ;
#354 = LINE ( 'NONE', #1301, #379 ) ;
#355 = ORIENTED_EDGE ( 'NONE', *, *, #1683, .T. ) ;
#356 = DIRECTION ( 'NONE',  ( 0.000000000000000000, -1.000000000000000000, 0.000000000000000000 ) ) ;
#357 = DIRECTION ( 'NONE',  ( 1.000000000000000000, 0.000000000000000000, 1.807003620809174632E-16 ) ) ;
#358 = DIRECTION ( 'NONE',  ( 0.000000000000000000, 0.000000000000000000, -1.000000000000000000 ) ) ;
#359 = EDGE_CURVE ( 'NONE', #2205, #3512, #1795, .T. ) ;
#360 = LINE ( 'NONE', #3168, #1592 ) ;
#361 = LINE ( 'NONE', #1149, #306 ) ;
#362 = ORIENTED_EDGE ( 'NONE', *, *, #3304, .F. ) ;
#363 = DIRECTION ( 'NONE',  ( 0.000000000000000000, 0.000000000000000000, 1.000000000000000000 ) ) ;
#364 = DIRECTION ( 'NONE',  ( -1.000000000000000000, 0.000000000000000000, -0.000000000000000000 ) ) ;
#365 = CARTESIAN_POINT ( 'NONE',  ( -1.599999999999999867, 0.5000000000000000000, -1.350000000000000089 ) ) ;
#366 = CARTESIAN_POINT ( 'NONE',  ( -1.599999999999999867, 0.4899999999999999911, -0.2500000000000004441 ) ) ;
#367 = LINE ( 'NONE', #2766, #318 ) ;
#368 = FACE_OUTER_BOUND ( 'NONE', #1860, .T. ) ;
#369 = VERTEX_POINT ( 'NONE', #1954 ) ;
#370 = CARTESIAN_POINT ( 'NONE',  ( 1.600000000000000311, 0.000000000000000000, -0.2000000000000008993 ) ) ;
#371 = DIRECTION ( 'NONE',  ( -1.000000000000000000, 0.000000000000000000, -1.807003620809174632E-16 ) ) ;
#372 = LINE ( 'NONE', #838, #2795 ) ;
#373 = FILL_AREA_STYLE_COLOUR ( '', #1466 ) ;
#374 = CARTESIAN_POINT ( 'NONE',  ( 1.000000000000000000, 0.5000000000000000000, -0.2500000000000005551 ) ) ;
#375 = ADVANCED_FACE ( 'NONE', ( #2840 ), #3068, .F. ) ;
#376 = EDGE_LOOP ( 'NONE', ( #2077, #260, #302, #2122, #3586, #2262 ) ) ;
#377 = LINE ( 'NONE', #3583, #2785 ) ;
#378 = AXIS2_PLACEMENT_3D ( 'NONE', #3482, #599, #2900 ) ;
#379 = VECTOR ( 'NONE', #2433, 1000.000000000000000 ) ;
#380 = DIRECTION ( 'NONE',  ( 1.000000000000000000, 0.000000000000000000, 0.000000000000000000 ) ) ;
#381 = DIRECTION ( 'NONE',  ( 0.000000000000000000, -0.000000000000000000, 1.000000000000000000 ) ) ;
#382 = CARTESIAN_POINT ( 'NONE',  ( -0.8999999999999999112, 0.000000000000000000, 0.1999999999999995948 ) ) ;
#383 = VECTOR ( 'NONE', #2920, 1000.000000000000000 ) ;
#384 = LINE ( 'NONE', #2095, #2804 ) ;
#385 = AXIS2_PLACEMENT_3D ( 'NONE', #3509, #1868, #2426 ) ;
#386 = DIRECTION ( 'NONE',  ( 0.000000000000000000, -1.000000000000000000, 0.000000000000000000 ) ) ;
#387 = DIRECTION ( 'NONE',  ( 1.000000000000000000, 0.000000000000000000, 7.744301232039317914E-17 ) ) ;
#388 = CARTESIAN_POINT ( 'NONE',  ( -1.000000000000000000, -2.275863337187866264, 1.350000000000000089 ) ) ;
#389 = VECTOR ( 'NONE', #2298, 1000.000000000000000 ) ;
#390 = EDGE_LOOP ( 'NONE', ( #3284, #584, #743, #1778 ) ) ;
#391 = EDGE_CURVE ( 'NONE', #2034, #2687, #396, .T. ) ;
#392 = EDGE_CURVE ( 'NONE', #3277, #3470, #595, .T. ) ;
#393 = VECTOR ( 'NONE', #3323, 1000.000000000000000 ) ;
#394 = CARTESIAN_POINT ( 'NONE',  ( 0.000000000000000000, 0.01000000000000000021, 1.349000000000000199 ) ) ;
#395 = CARTESIAN_POINT ( 'NONE',  ( 1.000000000000000000, 0.4899999999999999911, 0.2499999999999994726 ) ) ;
#396 = LINE ( 'NONE', #2187, #1890 ) ;
#397 = CARTESIAN_POINT ( 'NONE',  ( 0.000000000000000000, 0.000000000000000000, 0.000000000000000000 ) ) ;
#398 = LINE ( 'NONE', #550, #1722 ) ;
#399 = COLOUR_RGB ( '',1.000000000000000000, 0.8117647058823529438, 0.5019607843137254832 ) ;
#400 = EDGE_CURVE ( 'NONE', #978, #3321, #3052, .T. ) ;
#401 = ADVANCED_BREP_SHAPE_REPRESENTATION ( 'HSMF-C118', ( #1345, #501, #921, #151, #2788, #1475, #2235, #211, #1739 ), #3275 ) ;
#402 = ADVANCED_FACE ( 'NONE', ( #1899 ), #2877, .F. ) ;
#403 = CARTESIAN_POINT ( 'NONE',  ( -1.599999999999999867, -0.5916653826391929938, 0.2499999999999995837 ) ) ;
#404 = LINE ( 'NONE', #863, #2990 ) ;
#405 = VECTOR ( 'NONE', #1674, 1000.000000000000000 ) ;
#406 = VECTOR ( 'NONE', #789, 1000.000000000000000 ) ;
#407 = CARTESIAN_POINT ( 'NONE',  ( -1.599999999999999867, 0.4899999999999999911, -1.350000000000000089 ) ) ;
#408 = VECTOR ( 'NONE', #1994, 1000.000000000000000 ) ;
#409 = LINE ( 'NONE', #1351, #2917 ) ;
#410 = VECTOR ( 'NONE', #1192, 1000.000000000000000 ) ;
#411 = AXIS2_PLACEMENT_3D ( 'NONE', #2102, #2176, #2694 ) ;
#412 = CARTESIAN_POINT ( 'NONE',  ( 0.2999999999999999889, 2.773910997119842570, -1.349000000000000199 ) ) ;
#413 = VECTOR ( 'NONE', #1948, 1000.000000000000000 ) ;
#414 = DIRECTION ( 'NONE',  ( -0.000000000000000000, -0.000000000000000000, 1.000000000000000000 ) ) ;
#415 = CARTESIAN_POINT ( 'NONE',  ( -1.599999999999999867, 0.000000000000000000, -1.300000000000000266 ) ) ;
#416 = LINE ( 'NONE', #2119, #449 ) ;
#417 =( NAMED_UNIT ( * ) PLANE_ANGLE_UNIT ( ) SI_UNIT ( $, .RADIAN. ) );
#418 = ORIENTED_EDGE ( 'NONE', *, *, #1595, .T. ) ;
#419 = STYLED_ITEM ( 'NONE', ( #1649 ), #2788 ) ;
#420 = LINE ( 'NONE', #1859, #1645 ) ;
#421 = CARTESIAN_POINT ( 'NONE',  ( -1.599999999999999867, 0.5000000000000000000, -0.4500000000000001776 ) ) ;
#422 = CARTESIAN_POINT ( 'NONE',  ( 0.2999999999999998779, 0.01000000000000002623, 1.349000000000000199 ) ) ;
#423 = VERTEX_POINT ( 'NONE', #3196 ) ;
#424 = EDGE_CURVE ( 'NONE', #1302, #2465, #3059, .T. ) ;
#425 = SURFACE_STYLE_FILL_AREA ( #2822 ) ;
#426 = ADVANCED_FACE ( 'NONE', ( #3065 ), #2082, .T. ) ;
#427 = VECTOR ( 'NONE', #632, 1000.000000000000000 ) ;
#428 = PLANE ( 'NONE',  #1365 ) ;
#429 = VERTEX_POINT ( 'NONE', #932 ) ;
#430 = CARTESIAN_POINT ( 'NONE',  ( -0.9000000000000004663, 0.4899999999999999911, 1.299999999999999822 ) ) ;
#431 = DIRECTION ( 'NONE',  ( 0.000000000000000000, 1.000000000000000000, 0.000000000000000000 ) ) ;
#432 = EDGE_CURVE ( 'NONE', #2656, #3555, #3101, .T. ) ;
#433 = ADVANCED_FACE ( 'NONE', ( #3092 ), #1446, .T. ) ;
#434 = EDGE_CURVE ( 'NONE', #2218, #1818, #657, .T. ) ;
#435 = ORIENTED_EDGE ( 'NONE', *, *, #392, .F. ) ;
#436 = CARTESIAN_POINT ( 'NONE',  ( -1.599999999999999867, 0.4899999999999999911, 1.049999999999999378 ) ) ;
#437 = VECTOR ( 'NONE', #1493, 1000.000000000000000 ) ;
#438 = CARTESIAN_POINT ( 'NONE',  ( 1.600000000000000311, -2.275863337187866264, -1.350000000000000089 ) ) ;
#439 = CARTESIAN_POINT ( 'NONE',  ( -1.000000000000000000, 0.4899999999999999911, -1.350000000000000089 ) ) ;
#440 = LINE ( 'NONE', #3201, #481 ) ;
#441 = DIRECTION ( 'NONE',  ( 0.000000000000000000, 0.000000000000000000, 1.000000000000000000 ) ) ;
#442 = ORIENTED_EDGE ( 'NONE', *, *, #2087, .F. ) ;
#443 = EDGE_CURVE ( 'NONE', #3024, #2610, #704, .T. ) ;
#444 = LINE ( 'NONE', #195, #2880 ) ;
#445 = DIRECTION ( 'NONE',  ( 0.000000000000000000, -0.000000000000000000, 1.000000000000000000 ) ) ;
#446 = CARTESIAN_POINT ( 'NONE',  ( -0.8999999999999999112, 0.4899999999999999911, -1.300000000000000266 ) ) ;
#447 = ORIENTED_EDGE ( 'NONE', *, *, #3441, .F. ) ;
#448 = FACE_OUTER_BOUND ( 'NONE', #2628, .T. ) ;
#449 = VECTOR ( 'NONE', #2663, 1000.000000000000000 ) ;
#450 = CARTESIAN_POINT ( 'NONE',  ( 0.000000000000000000, 0.000000000000000000, -0.8999999999999996891 ) ) ;
#451 = ORIENTED_EDGE ( 'NONE', *, *, #1010, .F. ) ;
#452 = UNCERTAINTY_MEASURE_WITH_UNIT (LENGTH_MEASURE( 1.000000000000000082E-05 ), #3176, 'distance_accuracy_value', 'NONE');
#453 = DIRECTION ( 'NONE',  ( -1.000000000000000000, 0.000000000000000000, -0.000000000000000000 ) ) ;
#454 = CARTESIAN_POINT ( 'NONE',  ( 0.000000000000000000, 0.000000000000000000, -0.8999999999999996891 ) ) ;
#455 = DIRECTION ( 'NONE',  ( 0.000000000000000000, -1.000000000000000000, 0.000000000000000000 ) ) ;
#456 = LINE ( 'NONE', #1182, #1687 ) ;
#457 = PRESENTATION_LAYER_ASSIGNMENT (  '', '', ( #1066 ) ) ;
#458 = ADVANCED_FACE ( 'NONE', ( #689, #679 ), #1777, .T. ) ;
#459 = FACE_OUTER_BOUND ( 'NONE', #2118, .T. ) ;
#460 = EDGE_LOOP ( 'NONE', ( #2533, #2757, #1225, #1000 ) ) ;
#461 = DIRECTION ( 'NONE',  ( 1.000000000000000000, -0.000000000000000000, 6.195440985631454331E-16 ) ) ;
#462 = CARTESIAN_POINT ( 'NONE',  ( 1.000000000000000000, 0.4899999999999999911, -0.2500000000000005551 ) ) ;
#463 = FACE_OUTER_BOUND ( 'NONE', #3602, .T. ) ;
#464 = CARTESIAN_POINT ( 'NONE',  ( 1.600000000000000311, 0.4899999999999999911, 1.299999999999997824 ) ) ;
#465 = CARTESIAN_POINT ( 'NONE',  ( 1.600000000000000311, 0.000000000000000000, -0.4500000000000005662 ) ) ;
#466 = VECTOR ( 'NONE', #3493, 1000.000000000000000 ) ;
#467 = AXIS2_PLACEMENT_3D ( 'NONE', #3490, #2343, #663 ) ;
#468 =( LENGTH_UNIT ( ) NAMED_UNIT ( * ) SI_UNIT ( .MILLI., .METRE. ) );
#469 = VERTEX_POINT ( 'NONE', #31 ) ;
#470 = LINE ( 'NONE', #1370, #3020 ) ;
#471 = LINE ( 'NONE', #820, #393 ) ;
#472 = VECTOR ( 'NONE', #1764, 1000.000000000000000 ) ;
#473 = DIRECTION ( 'NONE',  ( 0.000000000000000000, 0.000000000000000000, -1.000000000000000000 ) ) ;
#474 = DIRECTION ( 'NONE',  ( 1.000000000000000000, 0.000000000000000000, 0.000000000000000000 ) ) ;
#475 = EDGE_CURVE ( 'NONE', #2103, #3580, #602, .T. ) ;
#476 = DIRECTION ( 'NONE',  ( -0.000000000000000000, -1.000000000000000000, -0.000000000000000000 ) ) ;
#477 = ORIENTED_EDGE ( 'NONE', *, *, #2528, .F. ) ;
#478 = FACE_OUTER_BOUND ( 'NONE', #1221, .T. ) ;
#479 = EDGE_CURVE ( 'NONE', #1075, #3330, #1858, .T. ) ;
#480 = LINE ( 'NONE', #2400, #2890 ) ;
#481 = VECTOR ( 'NONE', #363, 1000.000000000000000 ) ;
#482 = CARTESIAN_POINT ( 'NONE',  ( -0.8999999999999999112, 0.000000000000000000, -1.300000000000000266 ) ) ;
#483 = ORIENTED_EDGE ( 'NONE', *, *, #2194, .F. ) ;
#484 = EDGE_CURVE ( 'NONE', #469, #2402, #3163, .T. ) ;
#485 = LINE ( 'NONE', #374, #536 ) ;
#486 = CARTESIAN_POINT ( 'NONE',  ( -1.600000000000000089, 0.4899999999999999911, -0.7500000000000000000 ) ) ;
#487 = DIRECTION ( 'NONE',  ( -1.000000000000000000, 0.000000000000000000, 0.000000000000000000 ) ) ;
#488 = DIRECTION ( 'NONE',  ( -0.000000000000000000, 1.000000000000000000, -0.000000000000000000 ) ) ;
#489 = VECTOR ( 'NONE', #2445, 1000.000000000000000 ) ;
#490 = EDGE_CURVE ( 'NONE', #3658, #28, #1832, .T. ) ;
#491 = LINE ( 'NONE', #2704, #2980 ) ;
#492 = ORIENTED_EDGE ( 'NONE', *, *, #2606, .T. ) ;
#493 = CARTESIAN_POINT ( 'NONE',  ( -1.600000000000000533, 0.000000000000000000, 0.7499999999999991118 ) ) ;
#494 = CIRCLE ( 'NONE', #981, 0.2999999999999997113 ) ;
#495 = SURFACE_SIDE_STYLE ('',( #1046 ) ) ;
#496 = LINE ( 'NONE', #506, #1716 ) ;
#497 = CARTESIAN_POINT ( 'NONE',  ( -1.599999999999999867, 0.000000000000000000, 1.350000000000000089 ) ) ;
#498 = PLANE ( 'NONE',  #2371 ) ;
#499 = ADVANCED_FACE ( 'NONE', ( #588 ), #10, .T. ) ;
#500 = EDGE_CURVE ( 'NONE', #2146, #3350, #697, .T. ) ;
#501 = MANIFOLD_SOLID_BREP ( 'Cut-Extrude5[1]', #723 ) ;
#502 = ORIENTED_EDGE ( 'NONE', *, *, #782, .T. ) ;
#503 = FACE_OUTER_BOUND ( 'NONE', #2237, .T. ) ;
#504 = LINE ( 'NONE', #768, #413 ) ;
#505 = DIRECTION ( 'NONE',  ( -1.000000000000000000, -0.000000000000000000, -0.000000000000000000 ) ) ;
#506 = CARTESIAN_POINT ( 'NONE',  ( 0.000000000000000000, 0.01000000000000002623, -1.349000000000000199 ) ) ;
#507 = CARTESIAN_POINT ( 'NONE',  ( -1.600000000000000533, 0.000000000000000000, 1.299999999999999378 ) ) ;
#508 = ORIENTED_EDGE ( 'NONE', *, *, #534, .T. ) ;
#509 = AXIS2_PLACEMENT_3D ( 'NONE', #606, #455, #1732 ) ;
#510 = FACE_OUTER_BOUND ( 'NONE', #3135, .T. ) ;
#511 = LINE ( 'NONE', #17, #408 ) ;
#512 = ORIENTED_EDGE ( 'NONE', *, *, #3476, .F. ) ;
#513 = VECTOR ( 'NONE', #3027, 1000.000000000000000 ) ;
#514 = CARTESIAN_POINT ( 'NONE',  ( -0.3000000000000000444, 0.01000000000000002623, -0.5999999999999998668 ) ) ;
#515 = AXIS2_PLACEMENT_3D ( 'NONE', #2291, #3414, #9 ) ;
#516 = CARTESIAN_POINT ( 'NONE',  ( -1.599999999999999867, 0.5000000000000000000, 1.350000000000000089 ) ) ;
#517 = PLANE ( 'NONE',  #1059 ) ;
#518 = LINE ( 'NONE', #1454, #2953 ) ;
#519 = ORIENTED_EDGE ( 'NONE', *, *, #434, .F. ) ;
#520 = LINE ( 'NONE', #2219, #2957 ) ;
#521 = AXIS2_PLACEMENT_3D ( 'NONE', #972, #3542, #2616 ) ;
#522 = CARTESIAN_POINT ( 'NONE',  ( -1.000000000000000000, 0.4899999999999999911, -1.350000000000000089 ) ) ;
#523 = VECTOR ( 'NONE', #3351, 1000.000000000000000 ) ;
#524 = DIRECTION ( 'NONE',  ( -6.195440985631454331E-16, 0.000000000000000000, -1.000000000000000000 ) ) ;
#525 = ORIENTED_EDGE ( 'NONE', *, *, #1605, .T. ) ;
#526 = VECTOR ( 'NONE', #1793, 1000.000000000000000 ) ;
#527 = EDGE_CURVE ( 'NONE', #3551, #1498, #1808, .T. ) ;
#528 = VECTOR ( 'NONE', #939, 1000.000000000000000 ) ;
#529 = ADVANCED_FACE ( 'NONE', ( #1844 ), #3045, .F. ) ;
#530 = CARTESIAN_POINT ( 'NONE',  ( -0.8942038115749207927, 1.099999999999999867, -1.350000000000000089 ) ) ;
#531 = CARTESIAN_POINT ( 'NONE',  ( -1.599999999999999867, 0.4899999999999999911, 0.2499999999999995837 ) ) ;
#532 = CARTESIAN_POINT ( 'NONE',  ( 1.600000000000000311, 0.4899999999999999911, -1.350000000000000089 ) ) ;
#533 = PLANE ( 'NONE',  #716 ) ;
#534 = EDGE_CURVE ( 'NONE', #2392, #3350, #628, .T. ) ;
#535 = ORIENTED_EDGE ( 'NONE', *, *, #3348, .T. ) ;
#536 = VECTOR ( 'NONE', #709, 1000.000000000000000 ) ;
#537 = FACE_OUTER_BOUND ( 'NONE', #3395, .T. ) ;
#538 = ORIENTED_EDGE ( 'NONE', *, *, #1873, .F. ) ;
#539 = EDGE_CURVE ( 'NONE', #818, #3551, #3071, .T. ) ;
#540 = FACE_OUTER_BOUND ( 'NONE', #2763, .T. ) ;
#541 = CARTESIAN_POINT ( 'NONE',  ( -1.599999999999999867, 0.5000000000000000000, 1.049999999999999378 ) ) ;
#542 = DIRECTION ( 'NONE',  ( -1.000000000000000000, 0.000000000000000000, -6.195440985631454331E-16 ) ) ;
#543 = VECTOR ( 'NONE', #3650, 1000.000000000000000 ) ;
#544 = ORIENTED_EDGE ( 'NONE', *, *, #3251, .T. ) ;
#545 = DIRECTION ( 'NONE',  ( -0.000000000000000000, 1.000000000000000000, 0.000000000000000000 ) ) ;
#546 = CARTESIAN_POINT ( 'NONE',  ( 1.600000000000000533, 0.000000000000000000, -0.7500000000000004441 ) ) ;
#547 = FACE_OUTER_BOUND ( 'NONE', #1344, .T. ) ;
#548 = VECTOR ( 'NONE', #1055, 1000.000000000000000 ) ;
#549 = DIRECTION ( 'NONE',  ( -0.000000000000000000, 1.000000000000000000, -0.000000000000000000 ) ) ;
#550 = CARTESIAN_POINT ( 'NONE',  ( 0.9000000000000003553, 0.4899999999999999911, -1.300000000000000266 ) ) ;
#551 = LINE ( 'NONE', #2636, #1659 ) ;
#552 = ORIENTED_EDGE ( 'NONE', *, *, #1, .T. ) ;
#553 = LINE ( 'NONE', #3498, #1780 ) ;
#554 = LINE ( 'NONE', #3062, #3107 ) ;
#555 = CARTESIAN_POINT ( 'NONE',  ( -0.3000000000000000444, 2.773910997119842570, -0.5999999999999998668 ) ) ;
#556 = CARTESIAN_POINT ( 'NONE',  ( -3.673940397442057649E-17, 0.000000000000000000, -0.5999999999999998668 ) ) ;
#557 = VECTOR ( 'NONE', #461, 1000.000000000000000 ) ;
#558 = DIRECTION ( 'NONE',  ( -1.000000000000000000, -0.000000000000000000, -1.807003620809174632E-16 ) ) ;
#559 = ORIENTED_EDGE ( 'NONE', *, *, #2897, .T. ) ;
#560 = LINE ( 'NONE', #1130, #406 ) ;
#561 = LINE ( 'NONE', #1404, #543 ) ;
#562 = AXIS2_PLACEMENT_3D ( 'NONE', #3205, #3491, #940 ) ;
#563 = PRESENTATION_STYLE_ASSIGNMENT (( #1653 ) ) ;
#564 = EDGE_LOOP ( 'NONE', ( #1108, #865, #138, #1424, #3371, #1064, #1403, #2725, #2535, #3119, #1855, #1805, #1513, #622, #483, #1701, #3048, #3038, #24, #130 ) ) ;
#565 = LINE ( 'NONE', #3584, #1772 ) ;
#566 = DIRECTION ( 'NONE',  ( -1.000000000000000000, 0.000000000000000000, -6.195440985631454331E-16 ) ) ;
#567 = PLANE ( 'NONE',  #2589 ) ;
#568 = CARTESIAN_POINT ( 'NONE',  ( -0.3000000000000000444, 0.000000000000000000, -0.5999999999999998668 ) ) ;
#569 = CIRCLE ( 'NONE', #3224, 0.2999999999999997113 ) ;
#570 = EDGE_CURVE ( 'NONE', #2507, #1180, #3018, .T. ) ;
#571 = ORIENTED_EDGE ( 'NONE', *, *, #969, .F. ) ;
#572 = FACE_OUTER_BOUND ( 'NONE', #296, .T. ) ;
#573 = DIRECTION ( 'NONE',  ( 0.000000000000000000, -1.000000000000000000, 0.000000000000000000 ) ) ;
#574 = VECTOR ( 'NONE', #938, 1000.000000000000000 ) ;
#575 = ORIENTED_EDGE ( 'NONE', *, *, #1829, .T. ) ;
#576 = EDGE_CURVE ( 'NONE', #1837, #1357, #608, .T. ) ;
#577 = VECTOR ( 'NONE', #1304, 1000.000000000000000 ) ;
#578 = EDGE_CURVE ( 'NONE', #1180, #3475, #642, .T. ) ;
#579 = DIRECTION ( 'NONE',  ( 0.000000000000000000, -0.000000000000000000, 1.000000000000000000 ) ) ;
#580 = CARTESIAN_POINT ( 'NONE',  ( 0.9000000000000003553, 1.793840481040530399, -0.2000000000000009548 ) ) ;
#581 = CARTESIAN_POINT ( 'NONE',  ( -0.3000000000000000444, 0.000000000000000000, -0.5999999999999998668 ) ) ;
#582 = VECTOR ( 'NONE', #2327, 1000.000000000000000 ) ;
#583 = CARTESIAN_POINT ( 'NONE',  ( 1.599999999999999867, -0.5916653826391929938, -0.2500000000000004441 ) ) ;
#584 = ORIENTED_EDGE ( 'NONE', *, *, #2483, .F. ) ;
#585 = LINE ( 'NONE', #1541, #1751 ) ;
#586 = PRESENTATION_STYLE_ASSIGNMENT (( #2203 ) ) ;
#587 = EDGE_CURVE ( 'NONE', #1423, #3394, #3084, .T. ) ;
#588 = FACE_OUTER_BOUND ( 'NONE', #3480, .T. ) ;
#589 = ORIENTED_EDGE ( 'NONE', *, *, #1278, .T. ) ;
#590 = EDGE_LOOP ( 'NONE', ( #2484, #1660, #1483, #3086, #1919, #1176, #1951, #76 ) ) ;
#591 = CARTESIAN_POINT ( 'NONE',  ( -1.599999999999999867, 0.5000000000000000000, -1.350000000000000089 ) ) ;
#592 = DIRECTION ( 'NONE',  ( 0.000000000000000000, 0.000000000000000000, -1.000000000000000000 ) ) ;
#593 = FACE_OUTER_BOUND ( 'NONE', #1248, .T. ) ;
#594 = ADVANCED_FACE ( 'NONE', ( #1875 ), #3569, .T. ) ;
#595 = LINE ( 'NONE', #3095, #636 ) ;
#596 = VERTEX_POINT ( 'NONE', #3325 ) ;
#597 = PLANE ( 'NONE',  #1201 ) ;
#598 = ORIENTED_EDGE ( 'NONE', *, *, #1588, .T. ) ;
#599 = DIRECTION ( 'NONE',  ( 0.000000000000000000, -1.000000000000000000, 0.000000000000000000 ) ) ;
#600 = DIRECTION ( 'NONE',  ( 0.000000000000000000, -1.000000000000000000, 0.000000000000000000 ) ) ;
#601 = COLOUR_RGB ( '',0.7921568627450980005, 0.8196078431372548767, 0.9333333333333333481 ) ;
#602 = LINE ( 'NONE', #1748, #712 ) ;
#603 = ORIENTED_EDGE ( 'NONE', *, *, #2228, .T. ) ;
#604 = ORIENTED_EDGE ( 'NONE', *, *, #2006, .T. ) ;
#605 = AXIS2_PLACEMENT_3D ( 'NONE', #3265, #1258, #2573 ) ;
#606 = CARTESIAN_POINT ( 'NONE',  ( -1.600000000000000089, 0.000000000000000000, -0.7500000000000000000 ) ) ;
#607 = CARTESIAN_POINT ( 'NONE',  ( 0.9000000000000003553, 0.4899999999999999911, -0.2000000000000009548 ) ) ;
#608 = LINE ( 'NONE', #1265, #1800 ) ;
#609 = CARTESIAN_POINT ( 'NONE',  ( -0.8999999999999999112, 0.000000000000000000, -0.2000000000000000944 ) ) ;
#610 = ORIENTED_EDGE ( 'NONE', *, *, #2653, .T. ) ;
#611 = VERTEX_POINT ( 'NONE', #196 ) ;
#612 = MECHANICAL_DESIGN_GEOMETRIC_PRESENTATION_REPRESENTATION (  '', ( #1314 ), #3502 ) ;
#613 = DIRECTION ( 'NONE',  ( -1.000000000000000000, 0.000000000000000000, 6.195440985631454331E-16 ) ) ;
#614 = ORIENTED_EDGE ( 'NONE', *, *, #534, .F. ) ;
#615 = ORIENTED_EDGE ( 'NONE', *, *, #2061, .F. ) ;
#616 = CARTESIAN_POINT ( 'NONE',  ( -1.600000000000000533, 0.000000000000000000, 0.7499999999999991118 ) ) ;
#617 = CARTESIAN_POINT ( 'NONE',  ( 0.9000000000000003553, 0.000000000000000000, -1.300000000000000266 ) ) ;
#618 = DIRECTION ( 'NONE',  ( -0.000000000000000000, -0.000000000000000000, -1.000000000000000000 ) ) ;
#619 = ADVANCED_FACE ( 'NONE', ( #1884 ), #2209, .T. ) ;
#620 = EDGE_CURVE ( 'NONE', #1812, #56, #671, .T. ) ;
#621 = VERTEX_POINT ( 'NONE', #1801 ) ;
#622 = ORIENTED_EDGE ( 'NONE', *, *, #2440, .F. ) ;
#623 = CARTESIAN_POINT ( 'NONE',  ( -0.3000000000000000444, 0.000000000000000000, -0.5999999999999998668 ) ) ;
#624 = CARTESIAN_POINT ( 'NONE',  ( 0.8942038115749207927, 1.099999999999999867, -3.438061301782110224 ) ) ;
#625 = EDGE_CURVE ( 'NONE', #855, #1089, #740, .T. ) ;
#626 = DIRECTION ( 'NONE',  ( 1.000000000000000000, -0.000000000000000000, -0.000000000000000000 ) ) ;
#627 = VECTOR ( 'NONE', #1709, 1000.000000000000000 ) ;
#628 = LINE ( 'NONE', #3439, #1943 ) ;
#629 = ORIENTED_EDGE ( 'NONE', *, *, #539, .T. ) ;
#630 = EDGE_CURVE ( 'NONE', #3568, #2956, #3282, .T. ) ;
#631 = ORIENTED_EDGE ( 'NONE', *, *, #1408, .F. ) ;
#632 = DIRECTION ( 'NONE',  ( 0.000000000000000000, 1.000000000000000000, 0.000000000000000000 ) ) ;
#633 = LINE ( 'NONE', #2709, #1765 ) ;
#634 = DIRECTION ( 'NONE',  ( 0.000000000000000000, -1.000000000000000000, 0.000000000000000000 ) ) ;
#635 = CARTESIAN_POINT ( 'NONE',  ( -1.599999999999999867, -0.5916653826391929938, -0.2500000000000004441 ) ) ;
#636 = VECTOR ( 'NONE', #2452, 1000.000000000000000 ) ;
#637 = ORIENTED_EDGE ( 'NONE', *, *, #2087, .T. ) ;
#638 = ORIENTED_EDGE ( 'NONE', *, *, #907, .F. ) ;
#639 = EDGE_CURVE ( 'NONE', #1075, #910, #804, .T. ) ;
#640 = LINE ( 'NONE', #1113, #1738 ) ;
#641 = DIRECTION ( 'NONE',  ( -1.000000000000000000, 0.000000000000000000, 0.000000000000000000 ) ) ;
#642 = LINE ( 'NONE', #3354, #1867 ) ;
#643 = EDGE_LOOP ( 'NONE', ( #2330, #3608, #3628, #2706 ) ) ;
#644 = ORIENTED_EDGE ( 'NONE', *, *, #264, .F. ) ;
#645 = DIRECTION ( 'NONE',  ( 1.000000000000000000, 0.000000000000000000, 0.000000000000000000 ) ) ;
#646 = CARTESIAN_POINT ( 'NONE',  ( -1.399999999999999689, 0.5000000000000000000, -0.2500000000000005551 ) ) ;
#647 = VECTOR ( 'NONE', #2563, 1000.000000000000000 ) ;
#648 = VECTOR ( 'NONE', #3248, 1000.000000000000000 ) ;
#649 = ORIENTED_EDGE ( 'NONE', *, *, #221, .F. ) ;
#650 = ORIENTED_EDGE ( 'NONE', *, *, #3249, .F. ) ;
#651 = ADVANCED_FACE ( 'NONE', ( #3266 ), #1548, .T. ) ;
#652 = CARTESIAN_POINT ( 'NONE',  ( 0.9000000000000009104, 0.4899999999999999911, 1.299999999999998046 ) ) ;
#653 = DIRECTION ( 'NONE',  ( 0.000000000000000000, -1.000000000000000000, 0.000000000000000000 ) ) ;
#654 = DIRECTION ( 'NONE',  ( -0.1736481776669308308, -0.9848077530122080203, 0.000000000000000000 ) ) ;
#655 = LINE ( 'NONE', #985, #1906 ) ;
#656 = AXIS2_PLACEMENT_3D ( 'NONE', #3246, #2314, #2106 ) ;
#657 = LINE ( 'NONE', #1220, #1907 ) ;
#658 = ORIENTED_EDGE ( 'NONE', *, *, #1464, .T. ) ;
#659 = ORIENTED_EDGE ( 'NONE', *, *, #3525, .T. ) ;
#660 = LINE ( 'NONE', #2718, #3105 ) ;
#661 = CIRCLE ( 'NONE', #934, 0.2999999999999993783 ) ;
#662 = CARTESIAN_POINT ( 'NONE',  ( 1.600000000000000311, 0.5000000000000000000, 1.049999999999997602 ) ) ;
#663 = DIRECTION ( 'NONE',  ( -0.7071067811865512365, 0.000000000000000000, 0.7071067811865439090 ) ) ;
#664 = AXIS2_PLACEMENT_3D ( 'NONE', #1834, #2181, #2724 ) ;
#665 = VECTOR ( 'NONE', #53, 1000.000000000000000 ) ;
#666 = DIRECTION ( 'NONE',  ( 0.000000000000000000, 0.000000000000000000, -1.000000000000000000 ) ) ;
#667 = EDGE_LOOP ( 'NONE', ( #124, #109, #2940, #801, #2906 ) ) ;
#668 = ORIENTED_EDGE ( 'NONE', *, *, #1637, .T. ) ;
#669 = LINE ( 'NONE', #1431, #627 ) ;
#670 = CARTESIAN_POINT ( 'NONE',  ( 0.000000000000000000, 0.01000000000000002623, 1.349000000000000199 ) ) ;
#671 = LINE ( 'NONE', #2929, #799 ) ;
#672 = ORIENTED_EDGE ( 'NONE', *, *, #960, .F. ) ;
#673 = AXIS2_PLACEMENT_3D ( 'NONE', #3218, #742, #1521 ) ;
#674 = EDGE_LOOP ( 'NONE', ( #2397, #691, #2354, #2367 ) ) ;
#675 = CARTESIAN_POINT ( 'NONE',  ( -0.2999999999999999889, 0.000000000000000000, -0.8999999999999998002 ) ) ;
#676 = SURFACE_STYLE_USAGE ( .BOTH. , #1590 ) ;
#677 = EDGE_CURVE ( 'NONE', #3267, #1171, #811, .T. ) ;
#678 = LINE ( 'NONE', #3229, #548 ) ;
#679 = FACE_OUTER_BOUND ( 'NONE', #564, .T. ) ;
#680 = ORIENTED_EDGE ( 'NONE', *, *, #3004, .F. ) ;
#681 = ORIENTED_EDGE ( 'NONE', *, *, #132, .F. ) ;
#682 = EDGE_CURVE ( 'NONE', #1498, #3572, #834, .T. ) ;
#683 = PLANE ( 'NONE',  #3183 ) ;
#684 = CARTESIAN_POINT ( 'NONE',  ( -0.2999999999999999889, 0.01000000000000002623, -0.8999999999999998002 ) ) ;
#685 = LINE ( 'NONE', #3242, #1815 ) ;
#686 = DIRECTION ( 'NONE',  ( 0.000000000000000000, 0.000000000000000000, -1.000000000000000000 ) ) ;
#687 = EDGE_CURVE ( 'NONE', #874, #201, #827, .T. ) ;
#688 = FACE_OUTER_BOUND ( 'NONE', #1096, .T. ) ;
#689 = FACE_BOUND ( 'NONE', #3443, .T. ) ;
#690 = EDGE_LOOP ( 'NONE', ( #2981, #200, #1998, #2603 ) ) ;
#691 = ORIENTED_EDGE ( 'NONE', *, *, #1166, .T. ) ;
#692 = VECTOR ( 'NONE', #3607, 1000.000000000000000 ) ;
#693 = VECTOR ( 'NONE', #80, 1000.000000000000000 ) ;
#694 = PLANE ( 'NONE',  #3365 ) ;
#695 = EDGE_CURVE ( 'NONE', #210, #1313, #2033, .T. ) ;
#696 = CARTESIAN_POINT ( 'NONE',  ( 1.000000000000000000, 0.4899999999999999911, 0.2499999999999994726 ) ) ;
#697 = LINE ( 'NONE', #96, #3036 ) ;
#698 = DIRECTION ( 'NONE',  ( 0.000000000000000000, 1.000000000000000000, 0.000000000000000000 ) ) ;
#699 = EDGE_LOOP ( 'NONE', ( #2008, #2185, #3353, #3188, #1996 ) ) ;
#700 = ORIENTED_EDGE ( 'NONE', *, *, #1774, .T. ) ;
#701 = LINE ( 'NONE', #3319, #1830 ) ;
#702 = LINE ( 'NONE', #2276, #711 ) ;
#703 = CARTESIAN_POINT ( 'NONE',  ( 1.600000000000000533, 0.000000000000000000, 0.4499999999999984013 ) ) ;
#704 = LINE ( 'NONE', #1473, #3126 ) ;
#705 = ORIENTED_EDGE ( 'NONE', *, *, #867, .T. ) ;
#706 = ORIENTED_EDGE ( 'NONE', *, *, #1561, .T. ) ;
#707 = PRESENTATION_LAYER_ASSIGNMENT (  '', '', ( #419 ) ) ;
#708 = DIRECTION ( 'NONE',  ( 0.000000000000000000, 0.000000000000000000, 1.000000000000000000 ) ) ;
#709 = DIRECTION ( 'NONE',  ( -1.000000000000000000, -0.000000000000000000, -1.807003620809174632E-16 ) ) ;
#710 = CARTESIAN_POINT ( 'NONE',  ( 0.9000000000000003553, 0.4899999999999999911, -0.2000000000000009548 ) ) ;
#711 = VECTOR ( 'NONE', #2821, 1000.000000000000000 ) ;
#712 = VECTOR ( 'NONE', #2336, 1000.000000000000000 ) ;
#713 = ORIENTED_EDGE ( 'NONE', *, *, #1333, .T. ) ;
#714 = CARTESIAN_POINT ( 'NONE',  ( -3.673940397442057649E-17, 0.01000000000000000021, -0.5999999999999998668 ) ) ;
#715 = ORIENTED_EDGE ( 'NONE', *, *, #911, .T. ) ;
#716 = AXIS2_PLACEMENT_3D ( 'NONE', #3326, #1312, #2232 ) ;
#717 = PLANE ( 'NONE',  #2338 ) ;
#718 = DIRECTION ( 'NONE',  ( 0.000000000000000000, 1.000000000000000000, 0.000000000000000000 ) ) ;
#719 = FACE_OUTER_BOUND ( 'NONE', #3193, .T. ) ;
#720 = PLANE ( 'NONE',  #3418 ) ;
#721 = LINE ( 'NONE', #3400, #2972 ) ;
#722 = EDGE_LOOP ( 'NONE', ( #2325, #2551, #3382, #3318, #1238 ) ) ;
#723 = CLOSED_SHELL ( 'NONE', ( #1163, #433, #3458, #78, #3114, #263, #1134, #2394, #2646, #3635, #651, #619, #3450 ) ) ;
#724 = PLANE ( 'NONE',  #1861 ) ;
#725 = AXIS2_PLACEMENT_3D ( 'NONE', #2893, #1440, #1717 ) ;
#726 = CARTESIAN_POINT ( 'NONE',  ( 0.2999999999999999889, 0.000000000000000000, -1.349000000000000199 ) ) ;
#727 = CARTESIAN_POINT ( 'NONE',  ( 0.000000000000000000, 2.773910997119842570, -1.349000000000000199 ) ) ;
#728 = VECTOR ( 'NONE', #334, 1000.000000000000000 ) ;
#729 = VERTEX_POINT ( 'NONE', #3033 ) ;
#730 = ORIENTED_EDGE ( 'NONE', *, *, #3013, .T. ) ;
#731 = ADVANCED_FACE ( 'NONE', ( #3244 ), #3612, .T. ) ;
#732 = EDGE_CURVE ( 'NONE', #3291, #824, #764, .T. ) ;
#733 = CARTESIAN_POINT ( 'NONE',  ( 0.9000000000000003553, 0.000000000000000000, 0.1999999999999987343 ) ) ;
#734 = LINE ( 'NONE', #1115, #2057 ) ;
#735 = VERTEX_POINT ( 'NONE', #120 ) ;
#736 = EDGE_CURVE ( 'NONE', #2615, #1178, #756, .T. ) ;
#737 = ORIENTED_EDGE ( 'NONE', *, *, #434, .T. ) ;
#738 = CARTESIAN_POINT ( 'NONE',  ( 0.9000000000000009104, 0.000000000000000000, 1.299999999999998046 ) ) ;
#739 = CARTESIAN_POINT ( 'NONE',  ( 1.600000000000000311, 0.4899999999999999911, 1.349999999999998312 ) ) ;
#740 = LINE ( 'NONE', #1288, #851 ) ;
#741 = ORIENTED_EDGE ( 'NONE', *, *, #682, .F. ) ;
#742 = DIRECTION ( 'NONE',  ( 0.000000000000000000, -1.000000000000000000, 0.000000000000000000 ) ) ;
#743 = ORIENTED_EDGE ( 'NONE', *, *, #997, .F. ) ;
#744 = EDGE_CURVE ( 'NONE', #3174, #238, #3294, .T. ) ;
#745 = PLANE ( 'NONE',  #2814 ) ;
#746 = DIRECTION ( 'NONE',  ( -0.000000000000000000, 1.000000000000000000, -0.000000000000000000 ) ) ;
#747 = LINE ( 'NONE', #2278, #3187 ) ;
#748 = EDGE_LOOP ( 'NONE', ( #2805, #508, #1684, #2519, #1938, #3136 ) ) ;
#749 = ORIENTED_EDGE ( 'NONE', *, *, #1640, .T. ) ;
#750 = DIRECTION ( 'NONE',  ( 0.000000000000000000, -1.000000000000000000, 0.000000000000000000 ) ) ;
#751 = LINE ( 'NONE', #271, #1980 ) ;
#752 = DIRECTION ( 'NONE',  ( 0.000000000000000000, 0.000000000000000000, 1.000000000000000000 ) ) ;
#753 = ORIENTED_EDGE ( 'NONE', *, *, #3587, .F. ) ;
#754 = EDGE_LOOP ( 'NONE', ( #2399, #2719, #715, #6 ) ) ;
#755 = DIRECTION ( 'NONE',  ( 0.000000000000000000, 0.000000000000000000, 1.000000000000000000 ) ) ;
#756 = LINE ( 'NONE', #421, #3270 ) ;
#757 = EDGE_LOOP ( 'NONE', ( #1950, #2167, #2973, #894, #3644, #3215 ) ) ;
#758 = ORIENTED_EDGE ( 'NONE', *, *, #2398, .T. ) ;
#759 = SURFACE_STYLE_USAGE ( .BOTH. , #495 ) ;
#760 = DIRECTION ( 'NONE',  ( -1.000000000000000000, 0.000000000000000000, 0.000000000000000000 ) ) ;
#761 = DIRECTION ( 'NONE',  ( -0.000000000000000000, -0.000000000000000000, -1.000000000000000000 ) ) ;
#762 = ADVANCED_FACE ( 'NONE', ( #1953 ), #745, .T. ) ;
#763 = AXIS2_PLACEMENT_3D ( 'NONE', #2331, #1418, #2285 ) ;
#764 = LINE ( 'NONE', #1094, #2041 ) ;
#765 = ORIENTED_EDGE ( 'NONE', *, *, #175, .F. ) ;
#766 = DIRECTION ( 'NONE',  ( -0.000000000000000000, -1.000000000000000000, -0.000000000000000000 ) ) ;
#767 = ORIENTED_EDGE ( 'NONE', *, *, #3115, .F. ) ;
#768 = CARTESIAN_POINT ( 'NONE',  ( -1.000000000000000000, 0.5000000000000000000, -1.350000000000000089 ) ) ;
#769 = DIRECTION ( 'NONE',  ( 1.000000000000000000, -0.000000000000000000, -0.000000000000000000 ) ) ;
#770 = PLANE ( 'NONE',  #2216 ) ;
#771 = VECTOR ( 'NONE', #1158, 1000.000000000000000 ) ;
#772 = ORIENTED_EDGE ( 'NONE', *, *, #2781, .T. ) ;
#773 = EDGE_CURVE ( 'NONE', #228, #3411, #858, .T. ) ;
#774 = ORIENTED_EDGE ( 'NONE', *, *, #1209, .T. ) ;
#775 = CARTESIAN_POINT ( 'NONE',  ( 1.000000000000000444, 0.4899999999999999911, -1.350000000000000089 ) ) ;
#776 = CARTESIAN_POINT ( 'NONE',  ( 1.599999999999999867, 0.4899999999999999911, -0.2000000000000009548 ) ) ;
#777 = VECTOR ( 'NONE', #2379, 1000.000000000000000 ) ;
#778 = CARTESIAN_POINT ( 'NONE',  ( 1.599999999999999867, -0.5916653826391929938, 0.2499999999999995837 ) ) ;
#779 = DIRECTION ( 'NONE',  ( 0.000000000000000000, -0.000000000000000000, -1.000000000000000000 ) ) ;
#780 = ORIENTED_EDGE ( 'NONE', *, *, #2862, .F. ) ;
#781 = ORIENTED_EDGE ( 'NONE', *, *, #1164, .F. ) ;
#782 = EDGE_CURVE ( 'NONE', #1415, #1539, #2019, .T. ) ;
#783 = EDGE_CURVE ( 'NONE', #1976, #2585, #841, .T. ) ;
#784 = COLOUR_RGB ( '',1.000000000000000000, 0.8117647058823529438, 0.5019607843137254832 ) ;
#785 = VERTEX_POINT ( 'NONE', #532 ) ;
#786 = ORIENTED_EDGE ( 'NONE', *, *, #2524, .T. ) ;
#787 = DIRECTION ( 'NONE',  ( 1.807003620809174632E-16, 0.000000000000000000, -1.000000000000000000 ) ) ;
#788 = DIRECTION ( 'NONE',  ( 1.000000000000000000, -0.000000000000000000, -0.000000000000000000 ) ) ;
#789 = DIRECTION ( 'NONE',  ( 1.000000000000000000, -0.000000000000000000, 0.000000000000000000 ) ) ;
#790 = CARTESIAN_POINT ( 'NONE',  ( -1.600000000000000533, 0.000000000000000000, 1.299999999999999378 ) ) ;
#791 = VECTOR ( 'NONE', #2824, 1000.000000000000000 ) ;
#792 = ORIENTED_EDGE ( 'NONE', *, *, #13, .F. ) ;
#793 = EDGE_LOOP ( 'NONE', ( #1141, #1488, #3165, #2302, #1553, #3598, #3648, #1216 ) ) ;
#794 = ADVANCED_FACE ( 'NONE', ( #1985 ), #2587, .T. ) ;
#795 = DIRECTION ( 'NONE',  ( -0.000000000000000000, -1.000000000000000000, 0.000000000000000000 ) ) ;
#796 = PLANE ( 'NONE',  #2626 ) ;
#797 = DIRECTION ( 'NONE',  ( 1.000000000000000000, -0.000000000000000000, -0.000000000000000000 ) ) ;
#798 = CARTESIAN_POINT ( 'NONE',  ( 0.9000000000000009104, 0.000000000000000000, 1.299999999999998046 ) ) ;
#799 = VECTOR ( 'NONE', #1311, 1000.000000000000000 ) ;
#800 = ORIENTED_EDGE ( 'NONE', *, *, #345, .F. ) ;
#801 = ORIENTED_EDGE ( 'NONE', *, *, #1131, .F. ) ;
#802 = DIRECTION ( 'NONE',  ( 0.000000000000000000, 1.000000000000000000, 0.000000000000000000 ) ) ;
#803 = DIRECTION ( 'NONE',  ( 0.000000000000000000, 1.000000000000000000, 0.000000000000000000 ) ) ;
#804 = LINE ( 'NONE', #1892, #3289 ) ;
#805 = CARTESIAN_POINT ( 'NONE',  ( -1.599999999999999867, 0.000000000000000000, -0.4500000000000001776 ) ) ;
#806 = DIRECTION ( 'NONE',  ( -1.000000000000000000, -0.000000000000000000, -0.000000000000000000 ) ) ;
#807 = ORIENTED_EDGE ( 'NONE', *, *, #47, .F. ) ;
#808 = ORIENTED_EDGE ( 'NONE', *, *, #1251, .F. ) ;
#809 = AXIS2_PLACEMENT_3D ( 'NONE', #113, #1769, #2075 ) ;
#810 = CARTESIAN_POINT ( 'NONE',  ( -0.8999999999999999112, 0.000000000000000000, 0.1999999999999995948 ) ) ;
#811 = LINE ( 'NONE', #1619, #3276 ) ;
#812 = ORIENTED_EDGE ( 'NONE', *, *, #773, .T. ) ;
#813 = ORIENTED_EDGE ( 'NONE', *, *, #695, .T. ) ;
#814 = DIRECTION ( 'NONE',  ( -1.000000000000000000, 0.000000000000000000, 0.000000000000000000 ) ) ;
#815 = DIRECTION ( 'NONE',  ( -0.000000000000000000, -0.000000000000000000, 1.000000000000000000 ) ) ;
#816 = DIRECTION ( 'NONE',  ( 0.000000000000000000, 0.000000000000000000, 1.000000000000000000 ) ) ;
#817 = AXIS2_PLACEMENT_3D ( 'NONE', #727, #152, #3305 ) ;
#818 = VERTEX_POINT ( 'NONE', #2021 ) ;
#819 = ORIENTED_EDGE ( 'NONE', *, *, #1131, .T. ) ;
#820 = CARTESIAN_POINT ( 'NONE',  ( -1.000000000000000000, 0.4899999999999999911, -1.350000000000000089 ) ) ;
#821 = CARTESIAN_POINT ( 'NONE',  ( 1.000000000000000000, -0.5916653826391929938, -0.2500000000000005551 ) ) ;
#822 = EDGE_CURVE ( 'NONE', #3485, #105, #3207, .T. ) ;
#823 = ORIENTED_EDGE ( 'NONE', *, *, #1816, .T. ) ;
#824 = VERTEX_POINT ( 'NONE', #1407 ) ;
#825 = ADVANCED_FACE ( 'NONE', ( #3301 ), #3403, .T. ) ;
#826 = EDGE_CURVE ( 'NONE', #1015, #1533, #734, .T. ) ;
#827 = LINE ( 'NONE', #1925, #2069 ) ;
#828 = CARTESIAN_POINT ( 'NONE',  ( 1.600000000000000311, -2.275863337187866264, 1.349999999999998312 ) ) ;
#829 = DIRECTION ( 'NONE',  ( 0.000000000000000000, 1.000000000000000000, 0.000000000000000000 ) ) ;
#830 = ORIENTED_EDGE ( 'NONE', *, *, #3251, .F. ) ;
#831 = ORIENTED_EDGE ( 'NONE', *, *, #2009, .F. ) ;
#832 = EDGE_CURVE ( 'NONE', #215, #2651, #847, .T. ) ;
#833 = CARTESIAN_POINT ( 'NONE',  ( -1.599999999999999867, 0.000000000000000000, 1.350000000000000089 ) ) ;
#834 = LINE ( 'NONE', #2401, #777 ) ;
#835 = VERTEX_POINT ( 'NONE', #1455 ) ;
#836 = ORIENTED_EDGE ( 'NONE', *, *, #1322, .F. ) ;
#837 = CARTESIAN_POINT ( 'NONE',  ( -1.599999999999999867, 0.4899999999999999911, 1.299999999999999822 ) ) ;
#838 = CARTESIAN_POINT ( 'NONE',  ( 0.000000000000000000, 0.000000000000000000, -1.349000000000000199 ) ) ;
#839 = DIRECTION ( 'NONE',  ( -1.000000000000000000, 0.000000000000000000, 6.195440985631454331E-16 ) ) ;
#840 = EDGE_CURVE ( 'NONE', #3495, #3061, #3179, .T. ) ;
#841 = LINE ( 'NONE', #2866, #3225 ) ;
#842 = ORIENTED_EDGE ( 'NONE', *, *, #3597, .F. ) ;
#843 = EDGE_LOOP ( 'NONE', ( #1520, #3081, #631, #2878, #1267, #2568, #1323, #668 ) ) ;
#844 = DIRECTION ( 'NONE',  ( 0.000000000000000000, 0.000000000000000000, -1.000000000000000000 ) ) ;
#845 = CARTESIAN_POINT ( 'NONE',  ( 1.600000000000000533, 0.4899999999999999911, 0.7499999999999983347 ) ) ;
#846 = CARTESIAN_POINT ( 'NONE',  ( -1.599999999999999867, 0.000000000000000000, -1.049999999999999822 ) ) ;
#847 = LINE ( 'NONE', #292, #2007 ) ;
#848 = VERTEX_POINT ( 'NONE', #3151 ) ;
#849 = ORIENTED_EDGE ( 'NONE', *, *, #142, .T. ) ;
#850 = AXIS2_PLACEMENT_3D ( 'NONE', #170, #1070, #3589 ) ;
#851 = VECTOR ( 'NONE', #797, 1000.000000000000000 ) ;
#852 = CARTESIAN_POINT ( 'NONE',  ( -0.8999999999999999112, 0.4899999999999999911, 0.1999999999999995948 ) ) ;
#853 = DIRECTION ( 'NONE',  ( -0.000000000000000000, -1.000000000000000000, -0.000000000000000000 ) ) ;
#854 = VERTEX_POINT ( 'NONE', #607 ) ;
#855 = VERTEX_POINT ( 'NONE', #1138 ) ;
#856 = ADVANCED_FACE ( 'NONE', ( #3172 ), #1662, .T. ) ;
#857 =( NAMED_UNIT ( * ) PLANE_ANGLE_UNIT ( ) SI_UNIT ( $, .RADIAN. ) );
#858 = LINE ( 'NONE', #2498, #1989 ) ;
#859 = VERTEX_POINT ( 'NONE', #2523 ) ;
#860 = AXIS2_PLACEMENT_3D ( 'NONE', #2404, #3227, #2958 ) ;
#861 = ORIENTED_EDGE ( 'NONE', *, *, #1927, .T. ) ;
#862 = FILL_AREA_STYLE ('',( #1836 ) ) ;
#863 = CARTESIAN_POINT ( 'NONE',  ( 1.600000000000000311, 0.5000000000000000000, 1.349999999999998312 ) ) ;
#864 = VECTOR ( 'NONE', #1975, 1000.000000000000000 ) ;
#865 = ORIENTED_EDGE ( 'NONE', *, *, #3348, .F. ) ;
#866 = ORIENTED_EDGE ( 'NONE', *, *, #1246, .F. ) ;
#867 = EDGE_CURVE ( 'NONE', #1316, #3658, #2062, .T. ) ;
#868 = PLANE ( 'NONE',  #1441 ) ;
#869 = DIRECTION ( 'NONE',  ( 0.000000000000000000, 1.000000000000000000, 0.000000000000000000 ) ) ;
#870 = DIRECTION ( 'NONE',  ( 0.000000000000000000, -1.000000000000000000, 0.000000000000000000 ) ) ;
#871 = CARTESIAN_POINT ( 'NONE',  ( 1.000000000000000000, 0.5000000000000000000, 0.2499999999999994726 ) ) ;
#872 = EDGE_CURVE ( 'NONE', #2605, #1007, #3219, .T. ) ;
#873 = FACE_OUTER_BOUND ( 'NONE', #1835, .T. ) ;
#874 = VERTEX_POINT ( 'NONE', #2321 ) ;
#875 = ORIENTED_EDGE ( 'NONE', *, *, #1816, .F. ) ;
#876 = EDGE_CURVE ( 'NONE', #3547, #976, #747, .T. ) ;
#877 = EDGE_CURVE ( 'NONE', #1956, #248, #751, .T. ) ;
#878 = DIRECTION ( 'NONE',  ( 0.000000000000000000, 0.000000000000000000, 1.000000000000000000 ) ) ;
#879 = LINE ( 'NONE', #1557, #3405 ) ;
#880 = CARTESIAN_POINT ( 'NONE',  ( -1.000000000000000000, 0.4899999999999999911, -0.6499999999999960254 ) ) ;
#881 = EDGE_LOOP ( 'NONE', ( #1492, #3417, #2731, #3517 ) ) ;
#882 = ORIENTED_EDGE ( 'NONE', *, *, #1762, .T. ) ;
#883 = DIRECTION ( 'NONE',  ( -0.000000000000000000, 1.000000000000000000, 0.000000000000000000 ) ) ;
#884 = FACE_OUTER_BOUND ( 'NONE', #1990, .T. ) ;
#885 = ORIENTED_EDGE ( 'NONE', *, *, #3286, .F. ) ;
#886 = ORIENTED_EDGE ( 'NONE', *, *, #1209, .F. ) ;
#887 = CARTESIAN_POINT ( 'NONE',  ( 0.000000000000000000, 0.000000000000000000, -0.8999999999999996891 ) ) ;
#888 = FILL_AREA_STYLE ('',( #309 ) ) ;
#889 = ORIENTED_EDGE ( 'NONE', *, *, #11, .T. ) ;
#890 = ORIENTED_EDGE ( 'NONE', *, *, #997, .T. ) ;
#891 = AXIS2_PLACEMENT_3D ( 'NONE', #3292, #165, #3565 ) ;
#892 = DIRECTION ( 'NONE',  ( -7.744301232039317914E-17, 0.000000000000000000, 1.000000000000000000 ) ) ;
#893 = ORIENTED_EDGE ( 'NONE', *, *, #578, .T. ) ;
#894 = ORIENTED_EDGE ( 'NONE', *, *, #539, .F. ) ;
#895 = AXIS2_PLACEMENT_3D ( 'NONE', #2623, #308, #1833 ) ;
#896 = VECTOR ( 'NONE', #2261, 1000.000000000000000 ) ;
#897 = DIRECTION ( 'NONE',  ( 0.000000000000000000, 0.000000000000000000, 1.000000000000000000 ) ) ;
#898 = CARTESIAN_POINT ( 'NONE',  ( 1.600000000000000533, 0.000000000000000000, -0.7500000000000004441 ) ) ;
#899 = EDGE_LOOP ( 'NONE', ( #780, #2451, #1526, #970 ) ) ;
#900 = VERTEX_POINT ( 'NONE', #3471 ) ;
#901 = STYLED_ITEM ( 'NONE', ( #563 ), #211 ) ;
#902 = FACE_OUTER_BOUND ( 'NONE', #1373, .T. ) ;
#903 = EDGE_LOOP ( 'NONE', ( #3167, #3541, #2418, #3233, #1937, #2281 ) ) ;
#904 = VERTEX_POINT ( 'NONE', #556 ) ;
#905 = CARTESIAN_POINT ( 'NONE',  ( -1.000000000000000000, -2.275863337187866264, -1.350000000000000089 ) ) ;
#906 = CARTESIAN_POINT ( 'NONE',  ( 1.600000000000000311, -2.275863337187866264, -1.050000000000000044 ) ) ;
#907 = EDGE_CURVE ( 'NONE', #1313, #125, #1973, .T. ) ;
#908 = LINE ( 'NONE', #2453, #948 ) ;
#909 = ORIENTED_EDGE ( 'NONE', *, *, #2153, .T. ) ;
#910 = VERTEX_POINT ( 'NONE', #581 ) ;
#911 = EDGE_CURVE ( 'NONE', #315, #3143, #3198, .T. ) ;
#912 = ADVANCED_FACE ( 'NONE', ( #3214 ), #1361, .T. ) ;
#913 = PLANE ( 'NONE',  #1695 ) ;
#914 = DIRECTION ( 'NONE',  ( 0.000000000000000000, 0.000000000000000000, -1.000000000000000000 ) ) ;
#915 = CARTESIAN_POINT ( 'NONE',  ( -0.8999999999999999112, 0.4899999999999999911, -1.300000000000000266 ) ) ;
#916 = DIRECTION ( 'NONE',  ( 0.000000000000000000, 0.000000000000000000, 1.000000000000000000 ) ) ;
#917 = LINE ( 'NONE', #1606, #2204 ) ;
#918 = VERTEX_POINT ( 'NONE', #2961 ) ;
#919 = EDGE_LOOP ( 'NONE', ( #1339, #1048, #3317, #2662 ) ) ;
#920 = EDGE_CURVE ( 'NONE', #596, #247, #1993, .T. ) ;
#921 = MANIFOLD_SOLID_BREP ( 'Cut-Extrude5[2]', #3552 ) ;
#922 = DIRECTION ( 'NONE',  ( -0.000000000000000000, 1.000000000000000000, -0.000000000000000000 ) ) ;
#923 = LINE ( 'NONE', #1983, #2138 ) ;
#924 = DIRECTION ( 'NONE',  ( -1.000000000000000000, 0.000000000000000000, 1.885038685193462109E-17 ) ) ;
#925 = CARTESIAN_POINT ( 'NONE',  ( -1.000000000000000000, 0.4899999999999999911, -0.2000000000000000944 ) ) ;
#926 = VERTEX_POINT ( 'NONE', #2985 ) ;
#927 = ORIENTED_EDGE ( 'NONE', *, *, #475, .F. ) ;
#928 = LINE ( 'NONE', #1011, #3428 ) ;
#929 = EDGE_LOOP ( 'NONE', ( #2206, #830, #1324, #1552 ) ) ;
#930 = VERTEX_POINT ( 'NONE', #776 ) ;
#931 = DIRECTION ( 'NONE',  ( -1.000000000000000000, 0.000000000000000000, 0.000000000000000000 ) ) ;
#932 = CARTESIAN_POINT ( 'NONE',  ( 0.000000000000000000, 0.01000000000000002623, -1.349000000000000199 ) ) ;
#933 = DIRECTION ( 'NONE',  ( 0.000000000000000000, 0.000000000000000000, 1.000000000000000000 ) ) ;
#934 = AXIS2_PLACEMENT_3D ( 'NONE', #3120, #3610, #222 ) ;
#935 = VECTOR ( 'NONE', #371, 1000.000000000000000 ) ;
#936 = ADVANCED_FACE ( 'NONE', ( #884 ), #1250, .T. ) ;
#937 = ORIENTED_EDGE ( 'NONE', *, *, #178, .T. ) ;
#938 = DIRECTION ( 'NONE',  ( -0.000000000000000000, -1.000000000000000000, -0.000000000000000000 ) ) ;
#939 = DIRECTION ( 'NONE',  ( -5.913830031739114557E-16, -0.000000000000000000, 1.000000000000000000 ) ) ;
#940 = DIRECTION ( 'NONE',  ( 4.018540298315434880E-17, 0.000000000000000000, -1.000000000000000000 ) ) ;
#941 = LINE ( 'NONE', #675, #989 ) ;
#942 = VERTEX_POINT ( 'NONE', #3556 ) ;
#943 = AXIS2_PLACEMENT_3D ( 'NONE', #3660, #924, #3384 ) ;
#944 = EDGE_LOOP ( 'NONE', ( #1900, #1462, #2989, #3189 ) ) ;
#945 = ADVANCED_FACE ( 'NONE', ( #3327 ), #1871, .T. ) ;
#946 = CARTESIAN_POINT ( 'NONE',  ( 1.599999999999999867, 0.4899999999999999911, 0.1999999999999985123 ) ) ;
#947 = DIRECTION ( 'NONE',  ( -0.000000000000000000, 0.000000000000000000, -1.000000000000000000 ) ) ;
#948 = VECTOR ( 'NONE', #3639, 1000.000000000000000 ) ;
#949 = DIRECTION ( 'NONE',  ( 1.000000000000000000, -0.000000000000000000, -0.000000000000000000 ) ) ;
#950 = VERTEX_POINT ( 'NONE', #986 ) ;
#951 = EDGE_LOOP ( 'NONE', ( #1148, #2746, #2170, #3623 ) ) ;
#952 = EDGE_CURVE ( 'NONE', #1019, #3555, #2121, .T. ) ;
#953 = LINE ( 'NONE', #127, #2134 ) ;
#954 = ORIENTED_EDGE ( 'NONE', *, *, #3286, .T. ) ;
#955 = ORIENTED_EDGE ( 'NONE', *, *, #3516, .T. ) ;
#956 = CARTESIAN_POINT ( 'NONE',  ( 0.9000000000000003553, 0.000000000000000000, -1.300000000000000266 ) ) ;
#957 = SURFACE_SIDE_STYLE ('',( #3108 ) ) ;
#958 = EDGE_CURVE ( 'NONE', #729, #596, #2197, .T. ) ;
#959 = DIRECTION ( 'NONE',  ( 1.000000000000000000, 0.000000000000000000, -6.195440985631454331E-16 ) ) ;
#960 = EDGE_CURVE ( 'NONE', #369, #1119, #953, .T. ) ;
#961 = LINE ( 'NONE', #298, #982 ) ;
#962 = ORIENTED_EDGE ( 'NONE', *, *, #391, .F. ) ;
#963 = ORIENTED_EDGE ( 'NONE', *, *, #1164, .T. ) ;
#964 = DIRECTION ( 'NONE',  ( 0.000000000000000000, 0.000000000000000000, 1.000000000000000000 ) ) ;
#965 = CARTESIAN_POINT ( 'NONE',  ( -1.599999999999999867, 0.4899999999999999911, -0.2500000000000003331 ) ) ;
#966 = DIRECTION ( 'NONE',  ( 1.000000000000000000, 0.000000000000000000, 6.195440985631454331E-16 ) ) ;
#967 = CARTESIAN_POINT ( 'NONE',  ( 0.9000000000000009104, 0.4899999999999999911, 1.299999999999998046 ) ) ;
#968 = FACE_OUTER_BOUND ( 'NONE', #881, .T. ) ;
#969 = EDGE_CURVE ( 'NONE', #1015, #3535, #3335, .T. ) ;
#970 = ORIENTED_EDGE ( 'NONE', *, *, #578, .F. ) ;
#971 = CARTESIAN_POINT ( 'NONE',  ( -1.599999999999999867, -2.275863337187866264, -1.350000000000000089 ) ) ;
#972 = CARTESIAN_POINT ( 'NONE',  ( -1.600000000000000089, 0.4899999999999999911, -0.7500000000000000000 ) ) ;
#973 = LINE ( 'NONE', #3263, #935 ) ;
#974 = CARTESIAN_POINT ( 'NONE',  ( 0.9000000000000009104, 0.4899999999999999911, 1.299999999999998046 ) ) ;
#975 = DIRECTION ( 'NONE',  ( 1.885038685193462109E-17, 0.000000000000000000, 1.000000000000000000 ) ) ;
#976 = VERTEX_POINT ( 'NONE', #2405 ) ;
#977 = LINE ( 'NONE', #81, #3349 ) ;
#978 = VERTEX_POINT ( 'NONE', #2090 ) ;
#979 = ORIENTED_EDGE ( 'NONE', *, *, #1809, .F. ) ;
#980 = SURFACE_SIDE_STYLE ('',( #3626 ) ) ;
#981 = AXIS2_PLACEMENT_3D ( 'NONE', #26, #488, #592 ) ;
#982 = VECTOR ( 'NONE', #2242, 1000.000000000000000 ) ;
#983 = VERTEX_POINT ( 'NONE', #1480 ) ;
#984 = EDGE_LOOP ( 'NONE', ( #2812, #1986, #819, #706 ) ) ;
#985 = CARTESIAN_POINT ( 'NONE',  ( 1.600000000000000311, 1.793840481040530399, -0.2000000000000008993 ) ) ;
#986 = CARTESIAN_POINT ( 'NONE',  ( 1.000000000000000000, 0.5000000000000000000, -0.2500000000000005551 ) ) ;
#987 = AXIS2_PLACEMENT_3D ( 'NONE', #1274, #101, #387 ) ;
#988 = CARTESIAN_POINT ( 'NONE',  ( -0.8999999999999999112, 1.793840481040530399, -1.300000000000000266 ) ) ;
#989 = VECTOR ( 'NONE', #2306, 1000.000000000000000 ) ;
#990 = ORIENTED_EDGE ( 'NONE', *, *, #475, .T. ) ;
#991 =( NAMED_UNIT ( * ) PLANE_ANGLE_UNIT ( ) SI_UNIT ( $, .RADIAN. ) );
#992 =( GEOMETRIC_REPRESENTATION_CONTEXT ( 3 ) GLOBAL_UNCERTAINTY_ASSIGNED_CONTEXT ( ( #2161 ) ) GLOBAL_UNIT_ASSIGNED_CONTEXT ( ( #3518, #991, #1510 ) ) REPRESENTATION_CONTEXT ( 'NONE', 'WORKASPACE' ) );
#993 = DIRECTION ( 'NONE',  ( 0.000000000000000000, 0.000000000000000000, 1.000000000000000000 ) ) ;
#994 = DIRECTION ( 'NONE',  ( 1.000000000000000000, 0.000000000000000000, -0.000000000000000000 ) ) ;
#995 = ADVANCED_FACE ( 'NONE', ( #2089 ), #3204, .F. ) ;
#996 = ORIENTED_EDGE ( 'NONE', *, *, #2995, .F. ) ;
#997 = EDGE_CURVE ( 'NONE', #2093, #1317, #977, .T. ) ;
#998 = EDGE_CURVE ( 'NONE', #1665, #67, #928, .T. ) ;
#999 = FACE_OUTER_BOUND ( 'NONE', #3273, .T. ) ;
#1000 = ORIENTED_EDGE ( 'NONE', *, *, #2266, .F. ) ;
#1001 = EDGE_LOOP ( 'NONE', ( #1262, #1961, #21, #45 ) ) ;
#1002 = DIRECTION ( 'NONE',  ( -5.421010862427520198E-16, 0.000000000000000000, -1.000000000000000000 ) ) ;
#1003 = ADVANCED_FACE ( 'NONE', ( #873 ), #3257, .F. ) ;
#1004 = EDGE_CURVE ( 'NONE', #3381, #1356, #3393, .T. ) ;
#1005 = ORIENTED_EDGE ( 'NONE', *, *, #1010, .T. ) ;
#1006 = LINE ( 'NONE', #3520, #1041 ) ;
#1007 = VERTEX_POINT ( 'NONE', #2384 ) ;
#1008 = ORIENTED_EDGE ( 'NONE', *, *, #1671, .T. ) ;
#1009 = CARTESIAN_POINT ( 'NONE',  ( -0.8999999999999999112, 1.793840481040530399, -1.300000000000000266 ) ) ;
#1010 = EDGE_CURVE ( 'NONE', #156, #2049, #879, .T. ) ;
#1011 = CARTESIAN_POINT ( 'NONE',  ( -1.599999999999999867, -2.275863337187866264, -1.049999999999999822 ) ) ;
#1012 = DIRECTION ( 'NONE',  ( 0.000000000000000000, 1.000000000000000000, 0.000000000000000000 ) ) ;
#1013 = FACE_OUTER_BOUND ( 'NONE', #1507, .T. ) ;
#1014 = EDGE_LOOP ( 'NONE', ( #2996, #3054, #792, #1217 ) ) ;
#1015 = VERTEX_POINT ( 'NONE', #3536 ) ;
#1016 = DIRECTION ( 'NONE',  ( -5.913830031739119487E-16, 0.000000000000000000, -1.000000000000000000 ) ) ;
#1017 = FACE_OUTER_BOUND ( 'NONE', #754, .T. ) ;
#1018 = CARTESIAN_POINT ( 'NONE',  ( 1.600000000000000311, 0.4899999999999999911, 1.349999999999998312 ) ) ;
#1019 = VERTEX_POINT ( 'NONE', #407 ) ;
#1020 = DIRECTION ( 'NONE',  ( 0.000000000000000000, 0.000000000000000000, 1.000000000000000000 ) ) ;
#1021 = VECTOR ( 'NONE', #2224, 1000.000000000000000 ) ;
#1022 =( GEOMETRIC_REPRESENTATION_CONTEXT ( 3 ) GLOBAL_UNCERTAINTY_ASSIGNED_CONTEXT ( ( #3437 ) ) GLOBAL_UNIT_ASSIGNED_CONTEXT ( ( #1199, #1524, #1474 ) ) REPRESENTATION_CONTEXT ( 'NONE', 'WORKASPACE' ) );
#1023 = ADVANCED_FACE ( 'NONE', ( #3316 ), #1691, .F. ) ;
#1024 = ORIENTED_EDGE ( 'NONE', *, *, #2348, .T. ) ;
#1025 = PLANE ( 'NONE',  #2975 ) ;
#1026 = CARTESIAN_POINT ( 'NONE',  ( 0.000000000000000000, 2.773910997119842570, -0.8999999999999996891 ) ) ;
#1027 = DIRECTION ( 'NONE',  ( -1.000000000000000000, 0.000000000000000000, 7.744301232039317914E-17 ) ) ;
#1028 = FACE_OUTER_BOUND ( 'NONE', #1450, .T. ) ;
#1029 = ORIENTED_EDGE ( 'NONE', *, *, #3627, .F. ) ;
#1030 = EDGE_LOOP ( 'NONE', ( #589, #3066, #1269, #2123 ) ) ;
#1031 = AXIS2_PLACEMENT_3D ( 'NONE', #2852, #323, #993 ) ;
#1032 = ADVANCED_FACE ( 'NONE', ( #2108 ), #2529, .T. ) ;
#1033 = UNCERTAINTY_MEASURE_WITH_UNIT (LENGTH_MEASURE( 1.000000000000000082E-05 ), #2631, 'distance_accuracy_value', 'NONE');
#1034 = DIRECTION ( 'NONE',  ( -5.913830031739114557E-16, 0.000000000000000000, 1.000000000000000000 ) ) ;
#1035 = CARTESIAN_POINT ( 'NONE',  ( -1.600000000000000089, -2.275863337187866264, -0.7500000000000000000 ) ) ;
#1036 = LINE ( 'NONE', #3454, #3467 ) ;
#1037 = EDGE_LOOP ( 'NONE', ( #2550, #2945, #2457, #219 ) ) ;
#1038 = EDGE_CURVE ( 'NONE', #99, #3277, #3344, .T. ) ;
#1039 = CARTESIAN_POINT ( 'NONE',  ( -0.8942038115749207927, 1.099999999999999867, 1.350000000000000089 ) ) ;
#1040 =( NAMED_UNIT ( * ) PLANE_ANGLE_UNIT ( ) SI_UNIT ( $, .RADIAN. ) );
#1041 = VECTOR ( 'NONE', #2872, 1000.000000000000000 ) ;
#1042 = CARTESIAN_POINT ( 'NONE',  ( -1.599999999999999867, 0.000000000000000000, -0.4500000000000001776 ) ) ;
#1043 = CARTESIAN_POINT ( 'NONE',  ( -0.8999999999999999112, 0.000000000000000000, 0.1999999999999995948 ) ) ;
#1044 = VERTEX_POINT ( 'NONE', #541 ) ;
#1045 = SURFACE_SIDE_STYLE ('',( #1842 ) ) ;
#1046 = SURFACE_STYLE_FILL_AREA ( #2200 ) ;
#1047 = EDGE_CURVE ( 'NONE', #192, #735, #2114, .T. ) ;
#1048 = ORIENTED_EDGE ( 'NONE', *, *, #1671, .F. ) ;
#1049 = DIRECTION ( 'NONE',  ( 0.000000000000000000, -0.000000000000000000, 1.000000000000000000 ) ) ;
#1050 = CARTESIAN_POINT ( 'NONE',  ( -1.000000000000000000, -2.275863337187866264, -1.350000000000000089 ) ) ;
#1051 = CARTESIAN_POINT ( 'NONE',  ( 1.000000000000000000, 0.4899999999999999911, -0.2500000000000005551 ) ) ;
#1052 = LINE ( 'NONE', #1767, #3445 ) ;
#1053 = VERTEX_POINT ( 'NONE', #2284 ) ;
#1054 = CARTESIAN_POINT ( 'NONE',  ( -1.000000000000000000, 0.4899999999999999911, 1.299999999999999822 ) ) ;
#1055 = DIRECTION ( 'NONE',  ( -1.885038685193461801E-17, -0.000000000000000000, -1.000000000000000000 ) ) ;
#1056 = LINE ( 'NONE', #2881, #3539 ) ;
#1057 = ORIENTED_EDGE ( 'NONE', *, *, #2479, .T. ) ;
#1058 = VERTEX_POINT ( 'NONE', #2215 ) ;
#1059 = AXIS2_PLACEMENT_3D ( 'NONE', #3433, #2760, #1693 ) ;
#1060 = CARTESIAN_POINT ( 'NONE',  ( 1.600000000000000533, 0.4899999999999999911, 0.7499999999999983347 ) ) ;
#1061 = FACE_OUTER_BOUND ( 'NONE', #722, .T. ) ;
#1062 = CARTESIAN_POINT ( 'NONE',  ( -1.599999999999999867, 0.5000000000000000000, 1.350000000000000089 ) ) ;
#1063 = DIRECTION ( 'NONE',  ( 0.000000000000000000, 0.000000000000000000, 1.000000000000000000 ) ) ;
#1064 = ORIENTED_EDGE ( 'NONE', *, *, #1766, .F. ) ;
#1065 = APPLICATION_PROTOCOL_DEFINITION ( 'draft international standard', 'automotive_design', 1998, #2150 ) ;
#1066 = STYLED_ITEM ( 'NONE', ( #3567 ), #1475 ) ;
#1067 = LINE ( 'NONE', #2350, #2323 ) ;
#1068 = ORIENTED_EDGE ( 'NONE', *, *, #1295, .T. ) ;
#1069 = CARTESIAN_POINT ( 'NONE',  ( 0.9000000000000003553, 0.000000000000000000, -0.2000000000000009548 ) ) ;
#1070 = DIRECTION ( 'NONE',  ( 6.195440985631454331E-16, 0.000000000000000000, -1.000000000000000000 ) ) ;
#1071 = DIRECTION ( 'NONE',  ( 0.000000000000000000, -1.000000000000000000, 0.000000000000000000 ) ) ;
#1072 = DIRECTION ( 'NONE',  ( 0.000000000000000000, 1.000000000000000000, -0.000000000000000000 ) ) ;
#1073 = PRESENTATION_LAYER_ASSIGNMENT (  '', '', ( #901 ) ) ;
#1074 = CIRCLE ( 'NONE', #2856, 0.2999999999999997113 ) ;
#1075 = VERTEX_POINT ( 'NONE', #514 ) ;
#1076 = DIRECTION ( 'NONE',  ( 0.000000000000000000, 0.000000000000000000, 1.000000000000000000 ) ) ;
#1077 = DIRECTION ( 'NONE',  ( 0.000000000000000000, -0.000000000000000000, 1.000000000000000000 ) ) ;
#1078 = CARTESIAN_POINT ( 'NONE',  ( -1.399999999999999689, 0.5000000000000000000, -0.2500000000000005551 ) ) ;
#1079 = CARTESIAN_POINT ( 'NONE',  ( -1.600000000000000089, 0.5000000000000000000, -0.7500000000000000000 ) ) ;
#1080 = EDGE_CURVE ( 'NONE', #429, #2575, #961, .T. ) ;
#1081 = ADVANCED_FACE ( 'NONE', ( #3370 ), #2190, .T. ) ;
#1082 = ORIENTED_EDGE ( 'NONE', *, *, #2836, .T. ) ;
#1083 = EDGE_CURVE ( 'NONE', #192, #1387, #2163, .T. ) ;
#1084 = CARTESIAN_POINT ( 'NONE',  ( -1.000000000000000000, 0.5000000000000000000, 0.2499999999999994726 ) ) ;
#1085 = PLANE ( 'NONE',  #2678 ) ;
#1086 = LINE ( 'NONE', #522, #2256 ) ;
#1087 = DIRECTION ( 'NONE',  ( 0.000000000000000000, 0.000000000000000000, -1.000000000000000000 ) ) ;
#1088 = DIRECTION ( 'NONE',  ( 1.807003620809174632E-16, 0.000000000000000000, 1.000000000000000000 ) ) ;
#1089 = VERTEX_POINT ( 'NONE', #2003 ) ;
#1090 = EDGE_CURVE ( 'NONE', #2561, #67, #3398, .T. ) ;
#1091 = VECTOR ( 'NONE', #3223, 1000.000000000000000 ) ;
#1092 = EDGE_LOOP ( 'NONE', ( #3031, #1468, #1162, #2308 ) ) ;
#1093 = CARTESIAN_POINT ( 'NONE',  ( -1.599999999999999867, -2.275863337187866264, -1.350000000000000089 ) ) ;
#1094 = CARTESIAN_POINT ( 'NONE',  ( -1.000000000000000000, 0.4899999999999999911, -1.350000000000000089 ) ) ;
#1095 = DIRECTION ( 'NONE',  ( 1.000000000000000000, 0.000000000000000000, 1.807003620809174632E-16 ) ) ;
#1096 = EDGE_LOOP ( 'NONE', ( #538, #2863, #1647, #362 ) ) ;
#1097 = DIRECTION ( 'NONE',  ( 1.000000000000000000, -0.000000000000000000, 6.195440985631454331E-16 ) ) ;
#1098 = DIRECTION ( 'NONE',  ( 0.000000000000000000, 0.000000000000000000, -1.000000000000000000 ) ) ;
#1099 = CARTESIAN_POINT ( 'NONE',  ( -0.8942038115749207927, 1.099999999999999867, -1.350000000000000089 ) ) ;
#1100 = CARTESIAN_POINT ( 'NONE',  ( 1.000000000000000000, 0.4899999999999999911, -0.2500000000000005551 ) ) ;
#1101 = FACE_OUTER_BOUND ( 'NONE', #1397, .T. ) ;
#1102 = AXIS2_PLACEMENT_3D ( 'NONE', #3368, #524, #839 ) ;
#1103 = VERTEX_POINT ( 'NONE', #3069 ) ;
#1104 = DIRECTION ( 'NONE',  ( -0.000000000000000000, -0.000000000000000000, 1.000000000000000000 ) ) ;
#1105 = CARTESIAN_POINT ( 'NONE',  ( -1.000000000000000000, 0.4899999999999999911, -1.350000000000000089 ) ) ;
#1106 = DIRECTION ( 'NONE',  ( 1.000000000000000000, -0.000000000000000000, 3.614007241618348278E-16 ) ) ;
#1107 = ADVANCED_FACE ( 'NONE', ( #902 ), #2831, .T. ) ;
#1108 = ORIENTED_EDGE ( 'NONE', *, *, #872, .F. ) ;
#1109 =( GEOMETRIC_REPRESENTATION_CONTEXT ( 3 ) GLOBAL_UNCERTAINTY_ASSIGNED_CONTEXT ( ( #1883 ) ) GLOBAL_UNIT_ASSIGNED_CONTEXT ( ( #3264, #1213, #1880 ) ) REPRESENTATION_CONTEXT ( 'NONE', 'WORKASPACE' ) );
#1110 = FACE_OUTER_BOUND ( 'NONE', #2289, .T. ) ;
#1111 = ORIENTED_EDGE ( 'NONE', *, *, #2241, .F. ) ;
#1112 = ORIENTED_EDGE ( 'NONE', *, *, #2836, .F. ) ;
#1113 = CARTESIAN_POINT ( 'NONE',  ( -1.600000000000000089, 0.000000000000000000, 0.4499999999999992895 ) ) ;
#1114 = DIRECTION ( 'NONE',  ( 1.000000000000000000, -0.000000000000000000, -0.000000000000000000 ) ) ;
#1115 = CARTESIAN_POINT ( 'NONE',  ( -3.673940397442057649E-17, 0.01000000000000002623, -0.5999999999999998668 ) ) ;
#1116 = EDGE_CURVE ( 'NONE', #859, #2621, #2152, .T. ) ;
#1117 = CARTESIAN_POINT ( 'NONE',  ( -0.9000000000000004663, 0.4899999999999999911, 1.299999999999999822 ) ) ;
#1118 = COLOUR_RGB ( '',0.000000000000000000, 0.5019607843137254832, 0.000000000000000000 ) ;
#1119 = VERTEX_POINT ( 'NONE', #276 ) ;
#1120 = EDGE_CURVE ( 'NONE', #3254, #2038, #908, .T. ) ;
#1121 = CARTESIAN_POINT ( 'NONE',  ( -0.9000000000000004663, 1.793840481040530399, 1.299999999999999822 ) ) ;
#1122 = CARTESIAN_POINT ( 'NONE',  ( -0.8999999999999999112, 0.000000000000000000, -0.2000000000000000944 ) ) ;
#1123 = DIRECTION ( 'NONE',  ( -1.000000000000000000, 0.000000000000000000, -0.000000000000000000 ) ) ;
#1124 = LINE ( 'NONE', #3505, #2346 ) ;
#1125 = EDGE_CURVE ( 'NONE', #1463, #1545, #917, .T. ) ;
#1126 = ORIENTED_EDGE ( 'NONE', *, *, #2051, .F. ) ;
#1127 = CARTESIAN_POINT ( 'NONE',  ( 1.600000000000000311, 0.4899999999999999911, 0.1999999999999984568 ) ) ;
#1128 = DIRECTION ( 'NONE',  ( 0.000000000000000000, 0.000000000000000000, -1.000000000000000000 ) ) ;
#1129 = FACE_OUTER_BOUND ( 'NONE', #50, .T. ) ;
#1130 = CARTESIAN_POINT ( 'NONE',  ( 1.000000000000000444, 0.4899999999999999911, -1.350000000000000089 ) ) ;
#1131 = EDGE_CURVE ( 'NONE', #1423, #1967, #2177, .T. ) ;
#1132 = ORIENTED_EDGE ( 'NONE', *, *, #3347, .T. ) ;
#1133 = FACE_OUTER_BOUND ( 'NONE', #2592, .T. ) ;
#1134 = ADVANCED_FACE ( 'NONE', ( #968 ), #3432, .T. ) ;
#1135 = VERTEX_POINT ( 'NONE', #1667 ) ;
#1136 = DIRECTION ( 'NONE',  ( -1.000000000000000000, 0.000000000000000000, 0.000000000000000000 ) ) ;
#1137 = SURFACE_SIDE_STYLE ('',( #425 ) ) ;
#1138 = CARTESIAN_POINT ( 'NONE',  ( -1.000000000000000000, 0.4899999999999999911, -1.300000000000000266 ) ) ;
#1139 = DIRECTION ( 'NONE',  ( 1.000000000000000000, 0.000000000000000000, 1.807003620809174632E-16 ) ) ;
#1140 = LINE ( 'NONE', #1644, #2360 ) ;
#1141 = ORIENTED_EDGE ( 'NONE', *, *, #443, .T. ) ;
#1142 = ORIENTED_EDGE ( 'NONE', *, *, #3013, .F. ) ;
#1143 = CARTESIAN_POINT ( 'NONE',  ( 0.2999999999999998779, 0.01000000000000000021, 1.349000000000000199 ) ) ;
#1144 = MECHANICAL_DESIGN_GEOMETRIC_PRESENTATION_REPRESENTATION (  '', ( #1896 ), #3320 ) ;
#1145 = CARTESIAN_POINT ( 'NONE',  ( -3.673940397442057649E-17, 0.000000000000000000, -0.5999999999999998668 ) ) ;
#1146 = CARTESIAN_POINT ( 'NONE',  ( -1.600000000000000089, 0.5000000000000000000, -0.7500000000000000000 ) ) ;
#1147 = LINE ( 'NONE', #1804, #2349 ) ;
#1148 = ORIENTED_EDGE ( 'NONE', *, *, #3049, .F. ) ;
#1149 = CARTESIAN_POINT ( 'NONE',  ( -0.9000000000000004663, 0.4899999999999999911, 1.299999999999999822 ) ) ;
#1150 = AXIS2_PLACEMENT_3D ( 'NONE', #1902, #2546, #1098 ) ;
#1151 = FACE_OUTER_BOUND ( 'NONE', #162, .T. ) ;
#1152 = PLANE ( 'NONE',  #1903 ) ;
#1153 = ORIENTED_EDGE ( 'NONE', *, *, #3476, .T. ) ;
#1154 = STYLED_ITEM ( 'NONE', ( #343 ), #151 ) ;
#1155 = LINE ( 'NONE', #2979, #2380 ) ;
#1156 = ORIENTED_EDGE ( 'NONE', *, *, #1599, .T. ) ;
#1157 = DIRECTION ( 'NONE',  ( 0.000000000000000000, 0.000000000000000000, -1.000000000000000000 ) ) ;
#1158 = DIRECTION ( 'NONE',  ( 0.000000000000000000, 1.000000000000000000, 0.000000000000000000 ) ) ;
#1159 = CARTESIAN_POINT ( 'NONE',  ( 1.600000000000000311, -2.275863337187866264, 1.349999999999998312 ) ) ;
#1160 = EDGE_CURVE ( 'NONE', #1019, #621, #923, .T. ) ;
#1161 = LINE ( 'NONE', #3614, #1173 ) ;
#1162 = ORIENTED_EDGE ( 'NONE', *, *, #1873, .T. ) ;
#1163 = ADVANCED_FACE ( 'NONE', ( #3374 ), #1318, .F. ) ;
#1164 = EDGE_CURVE ( 'NONE', #2465, #2103, #2184, .T. ) ;
#1165 = ORIENTED_EDGE ( 'NONE', *, *, #3396, .F. ) ;
#1166 = EDGE_CURVE ( 'NONE', #2780, #859, #973, .T. ) ;
#1167 = DIRECTION ( 'NONE',  ( -1.000000000000000000, 0.000000000000000000, 0.000000000000000000 ) ) ;
#1168 = CARTESIAN_POINT ( 'NONE',  ( -1.599999999999999867, 0.000000000000000000, 0.1999999999999991784 ) ) ;
#1169 = DIRECTION ( 'NONE',  ( -0.000000000000000000, 1.000000000000000000, -0.000000000000000000 ) ) ;
#1170 = VECTOR ( 'NONE', #1289, 1000.000000000000000 ) ;
#1171 = VERTEX_POINT ( 'NONE', #2370 ) ;
#1172 = EDGE_CURVE ( 'NONE', #2486, #1368, #3386, .T. ) ;
#1173 = VECTOR ( 'NONE', #1362, 1000.000000000000000 ) ;
#1174 = DIRECTION ( 'NONE',  ( -5.913830031739119487E-16, 0.000000000000000000, -1.000000000000000000 ) ) ;
#1175 = DIRECTION ( 'NONE',  ( 0.9848077530122080203, 0.1736481776669308308, -0.000000000000000000 ) ) ;
#1176 = ORIENTED_EDGE ( 'NONE', *, *, #3304, .T. ) ;
#1177 = VECTOR ( 'NONE', #121, 1000.000000000000000 ) ;
#1178 = VERTEX_POINT ( 'NONE', #66 ) ;
#1179 = AXIS2_PLACEMENT_3D ( 'NONE', #269, #3322, #291 ) ;
#1180 = VERTEX_POINT ( 'NONE', #2638 ) ;
#1181 = CARTESIAN_POINT ( 'NONE',  ( 1.000000000000000000, 0.5000000000000000000, -0.2500000000000005551 ) ) ;
#1182 = CARTESIAN_POINT ( 'NONE',  ( 0.9000000000000003553, 0.4899999999999999911, -0.2000000000000009548 ) ) ;
#1183 = CARTESIAN_POINT ( 'NONE',  ( 0.000000000000000000, 0.01000000000000000021, 0.000000000000000000 ) ) ;
#1184 = CARTESIAN_POINT ( 'NONE',  ( 0.9000000000000003553, 0.4899999999999999911, -1.300000000000000266 ) ) ;
#1185 = ADVANCED_FACE ( 'NONE', ( #3435 ), #3160, .T. ) ;
#1186 = ORIENTED_EDGE ( 'NONE', *, *, #1501, .T. ) ;
#1187 = ORIENTED_EDGE ( 'NONE', *, *, #2827, .T. ) ;
#1188 = SURFACE_SIDE_STYLE ('',( #1571 ) ) ;
#1189 =( GEOMETRIC_REPRESENTATION_CONTEXT ( 3 ) GLOBAL_UNCERTAINTY_ASSIGNED_CONTEXT ( ( #3596 ) ) GLOBAL_UNIT_ASSIGNED_CONTEXT ( ( #2248, #1040, #2172 ) ) REPRESENTATION_CONTEXT ( 'NONE', 'WORKASPACE' ) );
#1190 = CARTESIAN_POINT ( 'NONE',  ( -1.599999999999999867, 0.4899999999999999911, 0.2499999999999995837 ) ) ;
#1191 = DIRECTION ( 'NONE',  ( -1.000000000000000000, -0.000000000000000000, 6.195440985631454331E-16 ) ) ;
#1192 = DIRECTION ( 'NONE',  ( -0.000000000000000000, -0.000000000000000000, -1.000000000000000000 ) ) ;
#1193 = ADVANCED_FACE ( 'NONE', ( #2212 ), #1514, .T. ) ;
#1194 = ORIENTED_EDGE ( 'NONE', *, *, #2826, .T. ) ;
#1195 = AXIS2_PLACEMENT_3D ( 'NONE', #412, #947, #1167 ) ;
#1196 = VECTOR ( 'NONE', #2903, 1000.000000000000000 ) ;
#1197 = DIRECTION ( 'NONE',  ( -0.000000000000000000, -1.000000000000000000, -0.000000000000000000 ) ) ;
#1198 = DIRECTION ( 'NONE',  ( -0.000000000000000000, 0.000000000000000000, -1.000000000000000000 ) ) ;
#1199 =( LENGTH_UNIT ( ) NAMED_UNIT ( * ) SI_UNIT ( .MILLI., .METRE. ) );
#1200 = ORIENTED_EDGE ( 'NONE', *, *, #1451, .F. ) ;
#1201 = AXIS2_PLACEMENT_3D ( 'NONE', #546, #883, #1469 ) ;
#1202 = VECTOR ( 'NONE', #1027, 1000.000000000000000 ) ;
#1203 = EDGE_CURVE ( 'NONE', #910, #160, #941, .T. ) ;
#1204 = PLANE ( 'NONE',  #3656 ) ;
#1205 = ORIENTED_EDGE ( 'NONE', *, *, #958, .F. ) ;
#1206 = DIRECTION ( 'NONE',  ( -6.195440985631454331E-16, 0.000000000000000000, 1.000000000000000000 ) ) ;
#1207 = ORIENTED_EDGE ( 'NONE', *, *, #490, .T. ) ;
#1208 = DIRECTION ( 'NONE',  ( -5.913830031739119487E-16, 0.000000000000000000, -1.000000000000000000 ) ) ;
#1209 = EDGE_CURVE ( 'NONE', #2116, #2103, #2158, .T. ) ;
#1210 = ORIENTED_EDGE ( 'NONE', *, *, #3434, .F. ) ;
#1211 = EDGE_LOOP ( 'NONE', ( #2047, #3030, #1477, #866 ) ) ;
#1212 = DIRECTION ( 'NONE',  ( 0.000000000000000000, 0.000000000000000000, 1.000000000000000000 ) ) ;
#1213 =( NAMED_UNIT ( * ) PLANE_ANGLE_UNIT ( ) SI_UNIT ( $, .RADIAN. ) );
#1214 = DIRECTION ( 'NONE',  ( 1.000000000000000000, 0.000000000000000000, -6.195440985631454331E-16 ) ) ;
#1215 = ADVANCED_FACE ( 'NONE', ( #3308 ), #2124, .T. ) ;
#1216 = ORIENTED_EDGE ( 'NONE', *, *, #2006, .F. ) ;
#1217 = ORIENTED_EDGE ( 'NONE', *, *, #677, .T. ) ;
#1218 = FACE_OUTER_BOUND ( 'NONE', #1893, .T. ) ;
#1219 = CARTESIAN_POINT ( 'NONE',  ( -1.599999999999999867, 0.4899999999999999911, -0.2500000000000004441 ) ) ;
#1220 = CARTESIAN_POINT ( 'NONE',  ( -0.8999999999999999112, 0.4899999999999999911, -0.2000000000000000944 ) ) ;
#1221 = EDGE_LOOP ( 'NONE', ( #614, #1771, #1869, #3181, #2010 ) ) ;
#1222 = ORIENTED_EDGE ( 'NONE', *, *, #2862, .T. ) ;
#1223 = CARTESIAN_POINT ( 'NONE',  ( 1.599999999999999867, 0.4899999999999999911, 0.2499999999999995837 ) ) ;
#1224 = FACE_OUTER_BOUND ( 'NONE', #1458, .T. ) ;
#1225 = ORIENTED_EDGE ( 'NONE', *, *, #43, .T. ) ;
#1226 = DIRECTION ( 'NONE',  ( 0.000000000000000000, 0.000000000000000000, 1.000000000000000000 ) ) ;
#1227 = ORIENTED_EDGE ( 'NONE', *, *, #1243, .T. ) ;
#1228 = SURFACE_STYLE_USAGE ( .BOTH. , #1814 ) ;
#1229 = DIRECTION ( 'NONE',  ( -1.000000000000000000, 0.000000000000000000, 5.913830031739119487E-16 ) ) ;
#1230 = AXIS2_PLACEMENT_3D ( 'NONE', #591, #897, #2665 ) ;
#1231 = LINE ( 'NONE', #1051, #3578 ) ;
#1232 = VERTEX_POINT ( 'NONE', #2391 ) ;
#1233 = ORIENTED_EDGE ( 'NONE', *, *, #2398, .F. ) ;
#1234 = CARTESIAN_POINT ( 'NONE',  ( 1.000000000000000444, 0.5000000000000000000, 1.349999999999998312 ) ) ;
#1235 = CARTESIAN_POINT ( 'NONE',  ( -0.8999999999999999112, 0.000000000000000000, -0.2000000000000000944 ) ) ;
#1236 = FACE_OUTER_BOUND ( 'NONE', #1789, .T. ) ;
#1237 = ORIENTED_EDGE ( 'NONE', *, *, #625, .F. ) ;
#1238 = ORIENTED_EDGE ( 'NONE', *, *, #2645, .F. ) ;
#1239 = ADVANCED_FACE ( 'NONE', ( #1017 ), #1489, .T. ) ;
#1240 = LINE ( 'NONE', #3332, #2525 ) ;
#1241 = DIRECTION ( 'NONE',  ( -0.000000000000000000, -1.000000000000000000, -0.000000000000000000 ) ) ;
#1242 = DIRECTION ( 'NONE',  ( -0.000000000000000000, -1.000000000000000000, -0.000000000000000000 ) ) ;
#1243 = EDGE_CURVE ( 'NONE', #1665, #3448, #1006, .T. ) ;
#1244 = ORIENTED_EDGE ( 'NONE', *, *, #3581, .F. ) ;
#1245 = VERTEX_POINT ( 'NONE', #1791 ) ;
#1246 = EDGE_CURVE ( 'NONE', #1103, #3535, #1052, .T. ) ;
#1247 = VECTOR ( 'NONE', #1481, 1000.000000000000000 ) ;
#1248 = EDGE_LOOP ( 'NONE', ( #2136, #705, #1207, #3412 ) ) ;
#1249 = ORIENTED_EDGE ( 'NONE', *, *, #1203, .F. ) ;
#1250 = PLANE ( 'NONE',  #3379 ) ;
#1251 = EDGE_CURVE ( 'NONE', #56, #1862, #1036, .T. ) ;
#1252 = LINE ( 'NONE', #3178, #55 ) ;
#1253 = ORIENTED_EDGE ( 'NONE', *, *, #3340, .T. ) ;
#1254 = CARTESIAN_POINT ( 'NONE',  ( -0.9000000000000004663, 0.000000000000000000, 1.299999999999999822 ) ) ;
#1255 = ORIENTED_EDGE ( 'NONE', *, *, #1819, .T. ) ;
#1256 = CARTESIAN_POINT ( 'NONE',  ( 1.599999999999999867, 0.4899999999999999911, 0.2499999999999995837 ) ) ;
#1257 = CARTESIAN_POINT ( 'NONE',  ( -0.8942038115749207927, 1.099999999999999867, 1.350000000000000089 ) ) ;
#1258 = DIRECTION ( 'NONE',  ( -1.000000000000000000, 0.000000000000000000, 0.000000000000000000 ) ) ;
#1259 = LINE ( 'NONE', #2659, #2510 ) ;
#1260 = APPLICATION_CONTEXT ( 'automotive_design' ) ;
#1261 = EDGE_LOOP ( 'NONE', ( #1057, #3452, #1126, #2437, #1029 ) ) ;
#1262 = ORIENTED_EDGE ( 'NONE', *, *, #744, .F. ) ;
#1263 = VECTOR ( 'NONE', #2191, 1000.000000000000000 ) ;
#1264 = DIRECTION ( 'NONE',  ( -1.000000000000000000, 0.000000000000000000, 5.421010862427520198E-16 ) ) ;
#1265 = CARTESIAN_POINT ( 'NONE',  ( 1.000000000000000444, 0.4899999999999999911, -1.350000000000000089 ) ) ;
#1266 = CARTESIAN_POINT ( 'NONE',  ( -1.599999999999999867, 0.5000000000000000000, 1.350000000000000089 ) ) ;
#1267 = ORIENTED_EDGE ( 'NONE', *, *, #2612, .F. ) ;
#1268 = MECHANICAL_DESIGN_GEOMETRIC_PRESENTATION_REPRESENTATION (  '', ( #419 ), #2932 ) ;
#1269 = ORIENTED_EDGE ( 'NONE', *, *, #47, .T. ) ;
#1270 = ADVANCED_FACE ( 'NONE', ( #1101 ), #3184, .T. ) ;
#1271 = FACE_OUTER_BOUND ( 'NONE', #1037, .T. ) ;
#1272 = DIRECTION ( 'NONE',  ( -1.000000000000000000, 0.000000000000000000, 0.000000000000000000 ) ) ;
#1273 = ORIENTED_EDGE ( 'NONE', *, *, #620, .T. ) ;
#1274 = CARTESIAN_POINT ( 'NONE',  ( 0.9000000000000003553, 0.4899999999999999911, -0.2000000000000009548 ) ) ;
#1275 = CARTESIAN_POINT ( 'NONE',  ( 0.9000000000000003553, 1.793840481040530399, -1.300000000000000266 ) ) ;
#1276 = LINE ( 'NONE', #2939, #2567 ) ;
#1277 = VERTEX_POINT ( 'NONE', #2072 ) ;
#1278 = EDGE_CURVE ( 'NONE', #942, #1976, #1067, .T. ) ;
#1279 = CARTESIAN_POINT ( 'NONE',  ( 0.000000000000000000, 0.01000000000000000021, -0.8999999999999996891 ) ) ;
#1280 = FILL_AREA_STYLE ('',( #373 ) ) ;
#1281 = LINE ( 'NONE', #3557, #102 ) ;
#1282 = PLANE ( 'NONE',  #1838 ) ;
#1283 = EDGE_LOOP ( 'NONE', ( #571, #1378, #3310, #767 ) ) ;
#1284 = EDGE_LOOP ( 'NONE', ( #3148, #519, #447, #418 ) ) ;
#1285 = EDGE_CURVE ( 'NONE', #2687, #1044, #3484, .T. ) ;
#1286 = LINE ( 'NONE', #3449, #2475 ) ;
#1287 = CARTESIAN_POINT ( 'NONE',  ( 1.000000000000000444, -2.275863337187866264, -1.350000000000000089 ) ) ;
#1288 = CARTESIAN_POINT ( 'NONE',  ( -0.8999999999999999112, 0.4899999999999999911, -1.300000000000000266 ) ) ;
#1289 = DIRECTION ( 'NONE',  ( -0.000000000000000000, -1.000000000000000000, -0.000000000000000000 ) ) ;
#1290 = EDGE_CURVE ( 'NONE', #1415, #2780, #3499, .T. ) ;
#1291 = ORIENTED_EDGE ( 'NONE', *, *, #2657, .T. ) ;
#1292 = ORIENTED_EDGE ( 'NONE', *, *, #2432, .T. ) ;
#1293 = VECTOR ( 'NONE', #207, 1000.000000000000000 ) ;
#1294 = CLOSED_SHELL ( 'NONE', ( #1421, #3206, #1023, #3171, #322, #2055, #2914, #2908, #3006, #1831, #290, #2485, #2619, #995 ) ) ;
#1295 = EDGE_CURVE ( 'NONE', #2956, #3094, #1074, .T. ) ;
#1296 = CARTESIAN_POINT ( 'NONE',  ( 0.000000000000000000, 2.773910997119842570, 1.349000000000000199 ) ) ;
#1297 = CARTESIAN_POINT ( 'NONE',  ( 1.599999999999999867, 0.4899999999999999911, 0.2499999999999995837 ) ) ;
#1298 = ADVANCED_FACE ( 'NONE', ( #1061 ), #3366, .T. ) ;
#1299 = LINE ( 'NONE', #2023, #60 ) ;
#1300 = VERTEX_POINT ( 'NONE', #2147 ) ;
#1301 = CARTESIAN_POINT ( 'NONE',  ( -1.000000000000000000, 0.5000000000000000000, -1.350000000000000089 ) ) ;
#1302 = VERTEX_POINT ( 'NONE', #2410 ) ;
#1303 = DIRECTION ( 'NONE',  ( 1.000000000000000000, 0.000000000000000000, 0.000000000000000000 ) ) ;
#1304 = DIRECTION ( 'NONE',  ( -0.000000000000000000, -1.000000000000000000, -0.000000000000000000 ) ) ;
#1305 = VECTOR ( 'NONE', #1628, 1000.000000000000000 ) ;
#1306 = DIRECTION ( 'NONE',  ( 0.000000000000000000, 0.000000000000000000, -1.000000000000000000 ) ) ;
#1307 = EDGE_LOOP ( 'NONE', ( #2001, #320, #1292, #882, #1497 ) ) ;
#1308 = AXIS2_PLACEMENT_3D ( 'NONE', #1360, #1642, #2156 ) ;
#1309 = VECTOR ( 'NONE', #1139, 1000.000000000000000 ) ;
#1310 = CARTESIAN_POINT ( 'NONE',  ( 1.600000000000000311, 0.000000000000000000, -1.350000000000000089 ) ) ;
#1311 = DIRECTION ( 'NONE',  ( 1.000000000000000000, 0.000000000000000000, 1.807003620809174632E-16 ) ) ;
#1312 = DIRECTION ( 'NONE',  ( -1.000000000000000000, 0.000000000000000000, 0.000000000000000000 ) ) ;
#1313 = VERTEX_POINT ( 'NONE', #2690 ) ;
#1314 = STYLED_ITEM ( 'NONE', ( #3140 ), #501 ) ;
#1315 = VECTOR ( 'NONE', #1686, 1000.000000000000000 ) ;
#1316 = VERTEX_POINT ( 'NONE', #2966 ) ;
#1317 = VERTEX_POINT ( 'NONE', #1279 ) ;
#1318 = PLANE ( 'NONE',  #2938 ) ;
#1319 = CARTESIAN_POINT ( 'NONE',  ( 0.8942038115749207927, 1.099999999999999867, -1.350000000000000089 ) ) ;
#1320 = CARTESIAN_POINT ( 'NONE',  ( 0.9000000000000003553, 0.000000000000000000, -1.300000000000000266 ) ) ;
#1321 = LINE ( 'NONE', #778, #122 ) ;
#1322 = EDGE_CURVE ( 'NONE', #2146, #2486, #3524, .T. ) ;
#1323 = ORIENTED_EDGE ( 'NONE', *, *, #2688, .F. ) ;
#1324 = ORIENTED_EDGE ( 'NONE', *, *, #3629, .T. ) ;
#1325 = EDGE_CURVE ( 'NONE', #983, #1411, #2317, .T. ) ;
#1326 = DIRECTION ( 'NONE',  ( -0.1736481776669308585, 0.9848077530122080203, -0.000000000000000000 ) ) ;
#1327 = DIRECTION ( 'NONE',  ( -0.000000000000000000, 0.000000000000000000, 1.000000000000000000 ) ) ;
#1328 = ADVANCED_FACE ( 'NONE', ( #999 ), #1085, .F. ) ;
#1329 = FACE_OUTER_BOUND ( 'NONE', #2245, .T. ) ;
#1330 = DIRECTION ( 'NONE',  ( 0.000000000000000000, 1.000000000000000000, 0.000000000000000000 ) ) ;
#1331 = ORIENTED_EDGE ( 'NONE', *, *, #1372, .F. ) ;
#1332 = ORIENTED_EDGE ( 'NONE', *, *, #2905, .F. ) ;
#1333 = EDGE_CURVE ( 'NONE', #3330, #611, #2240, .T. ) ;
#1334 = EDGE_CURVE ( 'NONE', #1390, #874, #3549, .T. ) ;
#1335 = LINE ( 'NONE', #1184, #42 ) ;
#1336 = CARTESIAN_POINT ( 'NONE',  ( -1.000000000000000000, 0.5000000000000000000, 1.350000000000000089 ) ) ;
#1337 = CARTESIAN_POINT ( 'NONE',  ( 1.000000000000000444, 0.5000000000000000000, -1.350000000000000089 ) ) ;
#1338 = EDGE_LOOP ( 'NONE', ( #2967, #20, #435, #3046, #1429 ) ) ;
#1339 = ORIENTED_EDGE ( 'NONE', *, *, #1325, .T. ) ;
#1340 = EDGE_CURVE ( 'NONE', #3375, #248, #2294, .T. ) ;
#1341 = DIRECTION ( 'NONE',  ( 1.000000000000000000, 0.000000000000000000, 0.000000000000000000 ) ) ;
#1342 = LINE ( 'NONE', #2428, #2549 ) ;
#1343 = ORIENTED_EDGE ( 'NONE', *, *, #2353, .F. ) ;
#1344 = EDGE_LOOP ( 'NONE', ( #2649, #1449, #258, #1410 ) ) ;
#1345 = MANIFOLD_SOLID_BREP ( 'Boss-Extrude2', #1876 ) ;
#1346 = CARTESIAN_POINT ( 'NONE',  ( -1.600000000000000089, 0.4899999999999999911, -0.7500000000000000000 ) ) ;
#1347 = CARTESIAN_POINT ( 'NONE',  ( 1.000000000000000000, 0.5000000000000000000, -1.350000000000000089 ) ) ;
#1348 = PLANE ( 'NONE',  #198 ) ;
#1349 = LINE ( 'NONE', #1558, #1263 ) ;
#1350 = ORIENTED_EDGE ( 'NONE', *, *, #484, .F. ) ;
#1351 = CARTESIAN_POINT ( 'NONE',  ( -0.2999999999999999889, 0.000000000000000000, -0.8999999999999998002 ) ) ;
#1352 = AXIS2_PLACEMENT_3D ( 'NONE', #2540, #1733, #914 ) ;
#1353 = VERTEX_POINT ( 'NONE', #1375 ) ;
#1354 = CARTESIAN_POINT ( 'NONE',  ( -1.599999999999999867, 0.4899999999999999911, 0.2499999999999995837 ) ) ;
#1355 = LINE ( 'NONE', #2140, #1293 ) ;
#1356 = VERTEX_POINT ( 'NONE', #1589 ) ;
#1357 = VERTEX_POINT ( 'NONE', #1940 ) ;
#1358 = CARTESIAN_POINT ( 'NONE',  ( 1.000000000000000444, 0.4899999999999999911, -1.300000000000000266 ) ) ;
#1359 = LINE ( 'NONE', #3564, #1405 ) ;
#1360 = CARTESIAN_POINT ( 'NONE',  ( -0.8999999999999999112, 0.4899999999999999911, -0.2000000000000000944 ) ) ;
#1361 = PLANE ( 'NONE',  #3616 ) ;
#1362 = DIRECTION ( 'NONE',  ( 0.000000000000000000, 0.000000000000000000, 1.000000000000000000 ) ) ;
#1363 = ORIENTED_EDGE ( 'NONE', *, *, #1726, .T. ) ;
#1364 = ORIENTED_EDGE ( 'NONE', *, *, #1203, .T. ) ;
#1365 = AXIS2_PLACEMENT_3D ( 'NONE', #2137, #1272, #1810 ) ;
#1366 = PRESENTATION_STYLE_ASSIGNMENT (( #676 ) ) ;
#1367 = ORIENTED_EDGE ( 'NONE', *, *, #3210, .F. ) ;
#1368 = VERTEX_POINT ( 'NONE', #1878 ) ;
#1369 = DIRECTION ( 'NONE',  ( 1.000000000000000000, 0.000000000000000000, 0.000000000000000000 ) ) ;
#1370 = CARTESIAN_POINT ( 'NONE',  ( -1.599999999999999867, -2.275863337187866264, 1.350000000000000089 ) ) ;
#1371 = EDGE_CURVE ( 'NONE', #1533, #1075, #2311, .T. ) ;
#1372 = EDGE_CURVE ( 'NONE', #2218, #3324, #2328, .T. ) ;
#1373 = EDGE_LOOP ( 'NONE', ( #2352, #2198, #1005, #344, #2777, #1579, #355, #234 ) ) ;
#1374 = ORIENTED_EDGE ( 'NONE', *, *, #3481, .T. ) ;
#1375 = CARTESIAN_POINT ( 'NONE',  ( -1.000000000000000000, 0.5000000000000000000, -1.350000000000000089 ) ) ;
#1376 = DIRECTION ( 'NONE',  ( 0.000000000000000000, -1.000000000000000000, 0.000000000000000000 ) ) ;
#1377 = DIRECTION ( 'NONE',  ( 1.000000000000000000, -0.000000000000000000, -0.000000000000000000 ) ) ;
#1378 = ORIENTED_EDGE ( 'NONE', *, *, #826, .T. ) ;
#1379 = VERTEX_POINT ( 'NONE', #3313 ) ;
#1380 = EDGE_CURVE ( 'NONE', #1402, #1058, #3528, .T. ) ;
#1381 = DIRECTION ( 'NONE',  ( 0.1736481776669308308, 0.9848077530122080203, -0.000000000000000000 ) ) ;
#1382 = LINE ( 'NONE', #231, #159 ) ;
#1383 = CARTESIAN_POINT ( 'NONE',  ( -1.000000000000000000, 0.5000000000000000000, -1.350000000000000089 ) ) ;
#1384 = DIRECTION ( 'NONE',  ( 1.000000000000000000, 0.000000000000000000, 0.000000000000000000 ) ) ;
#1385 = DIRECTION ( 'NONE',  ( -1.000000000000000000, 0.000000000000000000, -6.195440985631454331E-16 ) ) ;
#1386 = ORIENTED_EDGE ( 'NONE', *, *, #2318, .T. ) ;
#1387 = VERTEX_POINT ( 'NONE', #3053 ) ;
#1388 = ADVANCED_FACE ( 'NONE', ( #1013 ), #1655, .F. ) ;
#1389 = CLOSED_SHELL ( 'NONE', ( #1298, #594, #3532, #2143, #3566, #1623, #1239 ) ) ;
#1390 = VERTEX_POINT ( 'NONE', #3624 ) ;
#1391 = DIRECTION ( 'NONE',  ( -1.000000000000000000, 0.000000000000000000, 7.744301232039317914E-17 ) ) ;
#1392 = CARTESIAN_POINT ( 'NONE',  ( -1.000000000000000000, 0.5000000000000000000, -1.350000000000000089 ) ) ;
#1393 = PRODUCT_DEFINITION ( 'UNKNOWN', '', #3571, #3444 ) ;
#1394 = VECTOR ( 'NONE', #2125, 1000.000000000000000 ) ;
#1395 = ORIENTED_EDGE ( 'NONE', *, *, #3249, .T. ) ;
#1396 = CARTESIAN_POINT ( 'NONE',  ( 0.9000000000000003553, 0.000000000000000000, 0.1999999999999987343 ) ) ;
#1397 = EDGE_LOOP ( 'NONE', ( #3067, #2469, #70, #1901 ) ) ;
#1398 = DIRECTION ( 'NONE',  ( 1.000000000000000000, 0.000000000000000000, 0.000000000000000000 ) ) ;
#1399 = CARTESIAN_POINT ( 'NONE',  ( -1.600000000000000089, 0.5000000000000000000, -0.7500000000000000000 ) ) ;
#1400 = AXIS2_PLACEMENT_3D ( 'NONE', #2997, #348, #1849 ) ;
#1401 = LINE ( 'NONE', #646, #128 ) ;
#1402 = VERTEX_POINT ( 'NONE', #2461 ) ;
#1403 = ORIENTED_EDGE ( 'NONE', *, *, #1125, .F. ) ;
#1404 = CARTESIAN_POINT ( 'NONE',  ( 1.000000000000000444, 0.5000000000000000000, -1.350000000000000089 ) ) ;
#1405 = VECTOR ( 'NONE', #414, 1000.000000000000000 ) ;
#1406 = DIRECTION ( 'NONE',  ( -1.000000000000000000, -0.000000000000000000, -7.744301232039317914E-17 ) ) ;
#1407 = CARTESIAN_POINT ( 'NONE',  ( -1.000000000000000000, 0.4899999999999999911, -1.350000000000000089 ) ) ;
#1408 = EDGE_CURVE ( 'NONE', #855, #1414, #1086, .T. ) ;
#1409 = PLANE ( 'NONE',  #205 ) ;
#1410 = ORIENTED_EDGE ( 'NONE', *, *, #3473, .T. ) ;
#1411 = VERTEX_POINT ( 'NONE', #837 ) ;
#1412 = FACE_OUTER_BOUND ( 'NONE', #2035, .T. ) ;
#1413 = DIRECTION ( 'NONE',  ( 0.000000000000000000, 1.000000000000000000, 0.000000000000000000 ) ) ;
#1414 = VERTEX_POINT ( 'NONE', #1105 ) ;
#1415 = VERTEX_POINT ( 'NONE', #2789 ) ;
#1416 = EDGE_CURVE ( 'NONE', #3381, #3024, #2305, .T. ) ;
#1417 = DIRECTION ( 'NONE',  ( 0.000000000000000000, 0.000000000000000000, 1.000000000000000000 ) ) ;
#1418 = DIRECTION ( 'NONE',  ( 0.000000000000000000, 1.000000000000000000, 0.000000000000000000 ) ) ;
#1419 = DIRECTION ( 'NONE',  ( 0.000000000000000000, 1.000000000000000000, 0.000000000000000000 ) ) ;
#1420 = EDGE_CURVE ( 'NONE', #3309, #1058, #2234, .T. ) ;
#1421 = ADVANCED_FACE ( 'NONE', ( #1028 ), #2269, .T. ) ;
#1422 = FACE_OUTER_BOUND ( 'NONE', #41, .T. ) ;
#1423 = VERTEX_POINT ( 'NONE', #2607 ) ;
#1424 = ORIENTED_EDGE ( 'NONE', *, *, #184, .F. ) ;
#1425 = DIRECTION ( 'NONE',  ( -1.000000000000000000, 0.000000000000000000, -6.195440985631454331E-16 ) ) ;
#1426 = DIRECTION ( 'NONE',  ( 0.000000000000000000, -0.000000000000000000, -1.000000000000000000 ) ) ;
#1427 = EDGE_CURVE ( 'NONE', #1300, #3143, #1056, .T. ) ;
#1428 = FACE_OUTER_BOUND ( 'NONE', #2195, .T. ) ;
#1429 = ORIENTED_EDGE ( 'NONE', *, *, #3434, .T. ) ;
#1430 = VERTEX_POINT ( 'NONE', #382 ) ;
#1431 = CARTESIAN_POINT ( 'NONE',  ( -0.2999999999999999889, 0.01000000000000000021, -0.8999999999999998002 ) ) ;
#1432 = VECTOR ( 'NONE', #2244, 1000.000000000000000 ) ;
#1433 = CARTESIAN_POINT ( 'NONE',  ( 1.000000000000000444, -2.275863337187866264, 1.349999999999998312 ) ) ;
#1434 = CARTESIAN_POINT ( 'NONE',  ( -1.000000000000000000, 0.4899999999999999911, -1.350000000000000089 ) ) ;
#1435 = ORIENTED_EDGE ( 'NONE', *, *, #2310, .F. ) ;
#1436 = ORIENTED_EDGE ( 'NONE', *, *, #2560, .F. ) ;
#1437 = CYLINDRICAL_SURFACE ( 'NONE', #3649, 0.2999999999999997669 ) ;
#1438 = ORIENTED_EDGE ( 'NONE', *, *, #2422, .F. ) ;
#1439 = ORIENTED_EDGE ( 'NONE', *, *, #400, .F. ) ;
#1440 = DIRECTION ( 'NONE',  ( -5.421010862427520198E-16, 0.000000000000000000, -1.000000000000000000 ) ) ;
#1441 = AXIS2_PLACEMENT_3D ( 'NONE', #2229, #2773, #579 ) ;
#1442 = DIRECTION ( 'NONE',  ( 0.000000000000000000, 0.000000000000000000, -1.000000000000000000 ) ) ;
#1443 = ORIENTED_EDGE ( 'NONE', *, *, #1083, .F. ) ;
#1444 = ORIENTED_EDGE ( 'NONE', *, *, #2830, .F. ) ;
#1445 = AXIS2_PLACEMENT_3D ( 'NONE', #2918, #3212, #88 ) ;
#1446 = PLANE ( 'NONE',  #1852 ) ;
#1447 = ADVANCED_FACE ( 'NONE', ( #2279 ), #2107, .T. ) ;
#1448 = VECTOR ( 'NONE', #3619, 1000.000000000000000 ) ;
#1449 = ORIENTED_EDGE ( 'NONE', *, *, #587, .F. ) ;
#1450 = EDGE_LOOP ( 'NONE', ( #3072, #3234, #3278, #786, #2078 ) ) ;
#1451 = EDGE_CURVE ( 'NONE', #848, #1463, #3504, .T. ) ;
#1452 = PRODUCT_DEFINITION_SHAPE ( 'NONE', 'NONE',  #1393 ) ;
#1453 = VECTOR ( 'NONE', #1391, 1000.000000000000000 ) ;
#1454 = CARTESIAN_POINT ( 'NONE',  ( -1.000000000000000000, 0.5000000000000000000, 0.2499999999999994726 ) ) ;
#1455 = CARTESIAN_POINT ( 'NONE',  ( 1.600000000000000311, 0.5000000000000000000, 1.349999999999998312 ) ) ;
#1456 = DIRECTION ( 'NONE',  ( 0.000000000000000000, -1.000000000000000000, 0.000000000000000000 ) ) ;
#1457 = ORIENTED_EDGE ( 'NONE', *, *, #2430, .F. ) ;
#1458 = EDGE_LOOP ( 'NONE', ( #842, #2611, #177, #3283 ) ) ;
#1459 = EDGE_CURVE ( 'NONE', #1812, #926, #2283, .T. ) ;
#1460 = CARTESIAN_POINT ( 'NONE',  ( -0.3000000000000000444, 0.01000000000000000021, -0.5999999999999998668 ) ) ;
#1461 = VECTOR ( 'NONE', #3132, 1000.000000000000000 ) ;
#1462 = ORIENTED_EDGE ( 'NONE', *, *, #132, .T. ) ;
#1463 = VERTEX_POINT ( 'NONE', #3550 ) ;
#1464 = EDGE_CURVE ( 'NONE', #289, #192, #3554, .T. ) ;
#1465 = DIRECTION ( 'NONE',  ( 1.000000000000000000, -0.000000000000000000, 0.000000000000000000 ) ) ;
#1466 = COLOUR_RGB ( '',1.000000000000000000, 1.000000000000000000, 1.000000000000000000 ) ;
#1467 = ORIENTED_EDGE ( 'NONE', *, *, #1766, .T. ) ;
#1468 = ORIENTED_EDGE ( 'NONE', *, *, #832, .T. ) ;
#1469 = DIRECTION ( 'NONE',  ( 0.000000000000000000, 0.000000000000000000, 1.000000000000000000 ) ) ;
#1470 = EDGE_CURVE ( 'NONE', #1053, #3093, #2214, .T. ) ;
#1471 = ADVANCED_FACE ( 'NONE', ( #3613 ), #720, .F. ) ;
#1472 = CARTESIAN_POINT ( 'NONE',  ( -0.8999999999999999112, 0.000000000000000000, -1.300000000000000266 ) ) ;
#1473 = CARTESIAN_POINT ( 'NONE',  ( 1.000000000000000000, 0.5000000000000000000, 0.2499999999999994726 ) ) ;
#1474 =( NAMED_UNIT ( * ) SI_UNIT ( $, .STERADIAN. ) SOLID_ANGLE_UNIT ( ) );
#1475 = MANIFOLD_SOLID_BREP ( 'Boss-Extrude5[1]', #1389 ) ;
#1476 = SURFACE_STYLE_FILL_AREA ( #1280 ) ;
#1477 = ORIENTED_EDGE ( 'NONE', *, *, #969, .T. ) ;
#1478 = ORIENTED_EDGE ( 'NONE', *, *, #2735, .T. ) ;
#1479 = DIRECTION ( 'NONE',  ( -1.000000000000000000, -0.000000000000000000, -1.807003620809174632E-16 ) ) ;
#1480 = CARTESIAN_POINT ( 'NONE',  ( -1.599999999999999867, 0.4899999999999999911, 1.350000000000000089 ) ) ;
#1481 = DIRECTION ( 'NONE',  ( -0.000000000000000000, 1.000000000000000000, -0.000000000000000000 ) ) ;
#1482 = ORIENTED_EDGE ( 'NONE', *, *, #2696, .T. ) ;
#1483 = ORIENTED_EDGE ( 'NONE', *, *, #2864, .F. ) ;
#1484 = CARTESIAN_POINT ( 'NONE',  ( 1.600000000000000977, 0.000000000000000000, 0.7499999999999974465 ) ) ;
#1485 = AXIS2_PLACEMENT_3D ( 'NONE', #317, #3514, #2825 ) ;
#1486 = VECTOR ( 'NONE', #1987, 1000.000000000000000 ) ;
#1487 = ORIENTED_EDGE ( 'NONE', *, *, #732, .T. ) ;
#1488 = ORIENTED_EDGE ( 'NONE', *, *, #2282, .T. ) ;
#1489 = PLANE ( 'NONE',  #725 ) ;
#1490 = DIRECTION ( 'NONE',  ( 1.000000000000000000, 0.000000000000000000, 0.000000000000000000 ) ) ;
#1491 = VECTOR ( 'NONE', #3367, 1000.000000000000000 ) ;
#1492 = ORIENTED_EDGE ( 'NONE', *, *, #1508, .F. ) ;
#1493 = DIRECTION ( 'NONE',  ( -0.000000000000000000, -0.000000000000000000, -1.000000000000000000 ) ) ;
#1494 =( LENGTH_UNIT ( ) NAMED_UNIT ( * ) SI_UNIT ( .MILLI., .METRE. ) );
#1495 = CARTESIAN_POINT ( 'NONE',  ( 1.000000000000000000, 0.4899999999999999911, 0.2499999999999994726 ) ) ;
#1496 = LINE ( 'NONE', #974, #1570 ) ;
#1497 = ORIENTED_EDGE ( 'NONE', *, *, #2228, .F. ) ;
#1498 = VERTEX_POINT ( 'NONE', #1750 ) ;
#1499 = EDGE_CURVE ( 'NONE', #201, #2049, #2407, .T. ) ;
#1500 = ADVANCED_FACE ( 'NONE', ( #2389 ), #2931, .F. ) ;
#1501 = EDGE_CURVE ( 'NONE', #2085, #215, #1124, .T. ) ;
#1502 = CARTESIAN_POINT ( 'NONE',  ( 1.000000000000000444, 0.4899999999999999911, 1.349999999999998312 ) ) ;
#1503 = VECTOR ( 'NONE', #1106, 1000.000000000000000 ) ;
#1504 = DIRECTION ( 'NONE',  ( -1.807003620809174632E-16, 0.000000000000000000, 1.000000000000000000 ) ) ;
#1505 = DIRECTION ( 'NONE',  ( 0.000000000000000000, 0.000000000000000000, 1.000000000000000000 ) ) ;
#1506 = LINE ( 'NONE', #482, #2717 ) ;
#1507 = EDGE_LOOP ( 'NONE', ( #2501, #1930, #3501, #118 ) ) ;
#1508 = EDGE_CURVE ( 'NONE', #729, #3512, #1147, .T. ) ;
#1509 = EDGE_CURVE ( 'NONE', #2888, #3180, #3570, .T. ) ;
#1510 =( NAMED_UNIT ( * ) SI_UNIT ( $, .STERADIAN. ) SOLID_ANGLE_UNIT ( ) );
#1511 = VECTOR ( 'NONE', #1776, 1000.000000000000000 ) ;
#1512 = LINE ( 'NONE', #714, #1563 ) ;
#1513 = ORIENTED_EDGE ( 'NONE', *, *, #229, .F. ) ;
#1514 = PLANE ( 'NONE',  #1195 ) ;
#1515 = DIRECTION ( 'NONE',  ( 0.000000000000000000, 0.000000000000000000, -1.000000000000000000 ) ) ;
#1516 = CARTESIAN_POINT ( 'NONE',  ( -1.000000000000000000, 0.5000000000000000000, -1.350000000000000089 ) ) ;
#1517 = LINE ( 'NONE', #1747, #2736 ) ;
#1518 = EDGE_CURVE ( 'NONE', #3336, #1119, #3573, .T. ) ;
#1519 = VECTOR ( 'NONE', #1341, 1000.000000000000000 ) ;
#1520 = ORIENTED_EDGE ( 'NONE', *, *, #2689, .T. ) ;
#1521 = DIRECTION ( 'NONE',  ( 0.000000000000000000, -0.000000000000000000, -1.000000000000000000 ) ) ;
#1522 = CARTESIAN_POINT ( 'NONE',  ( -1.599999999999999867, 0.4899999999999999911, 0.1999999999999993727 ) ) ;
#1523 = DIRECTION ( 'NONE',  ( 1.807003620809174632E-16, 0.000000000000000000, -1.000000000000000000 ) ) ;
#1524 =( NAMED_UNIT ( * ) PLANE_ANGLE_UNIT ( ) SI_UNIT ( $, .RADIAN. ) );
#1525 = LINE ( 'NONE', #1062, #1614 ) ;
#1526 = ORIENTED_EDGE ( 'NONE', *, *, #1932, .T. ) ;
#1527 = ORIENTED_EDGE ( 'NONE', *, *, #1631, .T. ) ;
#1528 = AXIS2_PLACEMENT_3D ( 'NONE', #3577, #100, #1226 ) ;
#1529 = DIRECTION ( 'NONE',  ( 0.000000000000000000, -1.000000000000000000, 0.000000000000000000 ) ) ;
#1530 = CARTESIAN_POINT ( 'NONE',  ( -1.000000000000000000, -2.275863337187866264, -1.350000000000000089 ) ) ;
#1531 = FACE_OUTER_BOUND ( 'NONE', #2424, .T. ) ;
#1532 = CARTESIAN_POINT ( 'NONE',  ( 0.9000000000000009104, 0.000000000000000000, 1.299999999999998046 ) ) ;
#1533 = VERTEX_POINT ( 'NONE', #2676 ) ;
#1534 = AXIS2_PLACEMENT_3D ( 'NONE', #394, #708, #994 ) ;
#1535 = ADVANCED_FACE ( 'NONE', ( #1133 ), #1550, .F. ) ;
#1536 = DIRECTION ( 'NONE',  ( 0.000000000000000000, -1.000000000000000000, 0.000000000000000000 ) ) ;
#1537 = FACE_OUTER_BOUND ( 'NONE', #1092, .T. ) ;
#1538 = LINE ( 'NONE', #775, #301 ) ;
#1539 = VERTEX_POINT ( 'NONE', #2421 ) ;
#1540 = DIRECTION ( 'NONE',  ( -1.000000000000000000, 0.000000000000000000, 7.744301232039317914E-17 ) ) ;
#1541 = CARTESIAN_POINT ( 'NONE',  ( 0.2999999999999998779, 0.000000000000000000, 1.349000000000000199 ) ) ;
#1542 = AXIS2_PLACEMENT_3D ( 'NONE', #624, #1175, #2580 ) ;
#1543 = CARTESIAN_POINT ( 'NONE',  ( -1.000000000000000000, -0.5916653826391929938, 0.2499999999999994726 ) ) ;
#1544 = VECTOR ( 'NONE', #3605, 1000.000000000000000 ) ;
#1545 = VERTEX_POINT ( 'NONE', #798 ) ;
#1546 = VERTEX_POINT ( 'NONE', #1663 ) ;
#1547 = DIRECTION ( 'NONE',  ( 0.000000000000000000, 0.000000000000000000, 1.000000000000000000 ) ) ;
#1548 = PLANE ( 'NONE',  #664 ) ;
#1549 = EDGE_CURVE ( 'NONE', #3208, #950, #1231, .T. ) ;
#1550 = PLANE ( 'NONE',  #2720 ) ;
#1551 = VECTOR ( 'NONE', #573, 1000.000000000000000 ) ;
#1552 = ORIENTED_EDGE ( 'NONE', *, *, #3200, .F. ) ;
#1553 = ORIENTED_EDGE ( 'NONE', *, *, #2864, .T. ) ;
#1554 = EDGE_CURVE ( 'NONE', #1390, #1545, #3647, .T. ) ;
#1555 = DIRECTION ( 'NONE',  ( 6.195440985631454331E-16, -0.000000000000000000, 1.000000000000000000 ) ) ;
#1556 = LINE ( 'NONE', #652, #2744 ) ;
#1557 = CARTESIAN_POINT ( 'NONE',  ( 1.600000000000000311, 0.4899999999999999911, 0.1999999999999982903 ) ) ;
#1558 = CARTESIAN_POINT ( 'NONE',  ( -0.9000000000000004663, 0.000000000000000000, 1.299999999999999822 ) ) ;
#1559 = LINE ( 'NONE', #670, #331 ) ;
#1560 = EDGE_LOOP ( 'NONE', ( #1895, #3221, #1237, #1457, #2555 ) ) ;
#1561 = EDGE_CURVE ( 'NONE', #1967, #3277, #1140, .T. ) ;
#1562 = FACE_OUTER_BOUND ( 'NONE', #1338, .T. ) ;
#1563 = VECTOR ( 'NONE', #766, 1000.000000000000000 ) ;
#1564 = ORIENTED_EDGE ( 'NONE', *, *, #303, .F. ) ;
#1565 = CARTESIAN_POINT ( 'NONE',  ( 1.600000000000000311, -2.275863337187866264, 1.049999999999997602 ) ) ;
#1566 = CARTESIAN_POINT ( 'NONE',  ( -1.599999999999999867, 0.5000000000000000000, 1.350000000000000089 ) ) ;
#1567 = PLANE ( 'NONE',  #605 ) ;
#1568 = ADVANCED_FACE ( 'NONE', ( #1129 ), #533, .T. ) ;
#1569 = APPLICATION_PROTOCOL_DEFINITION ( 'draft international standard', 'automotive_design', 1998, #1260 ) ;
#1570 = VECTOR ( 'NONE', #2617, 1000.000000000000000 ) ;
#1571 = SURFACE_STYLE_FILL_AREA ( #3235 ) ;
#1572 = ORIENTED_EDGE ( 'NONE', *, *, #3627, .T. ) ;
#1573 = CARTESIAN_POINT ( 'NONE',  ( -0.9000000000000004663, 0.4899999999999999911, 1.299999999999999822 ) ) ;
#1574 = ADVANCED_FACE ( 'NONE', ( #1218 ), #1977, .T. ) ;
#1575 = DIRECTION ( 'NONE',  ( 0.000000000000000000, 0.000000000000000000, 1.000000000000000000 ) ) ;
#1576 = AXIS2_PLACEMENT_3D ( 'NONE', #1093, #1136, #1661 ) ;
#1577 = VECTOR ( 'NONE', #216, 1000.000000000000000 ) ;
#1578 = CYLINDRICAL_SURFACE ( 'NONE', #2518, 0.2999999999999992673 ) ;
#1579 = ORIENTED_EDGE ( 'NONE', *, *, #1290, .T. ) ;
#1580 = CARTESIAN_POINT ( 'NONE',  ( -1.599999999999999867, -2.275863337187866264, 1.049999999999999378 ) ) ;
#1581 = FACE_OUTER_BOUND ( 'NONE', #1982, .T. ) ;
#1582 = CARTESIAN_POINT ( 'NONE',  ( 1.000000000000000000, -0.5916653826391929938, 0.2499999999999994726 ) ) ;
#1583 = DIRECTION ( 'NONE',  ( 0.000000000000000000, 0.000000000000000000, -1.000000000000000000 ) ) ;
#1584 = ORIENTED_EDGE ( 'NONE', *, *, #1290, .F. ) ;
#1585 = LINE ( 'NONE', #1042, #1600 ) ;
#1586 = FACE_OUTER_BOUND ( 'NONE', #65, .T. ) ;
#1587 = ORIENTED_EDGE ( 'NONE', *, *, #3153, .T. ) ;
#1588 = EDGE_CURVE ( 'NONE', #1539, #2236, #2339, .T. ) ;
#1589 = CARTESIAN_POINT ( 'NONE',  ( 1.599999999999999867, 0.4899999999999999911, 0.2499999999999995837 ) ) ;
#1590 = SURFACE_SIDE_STYLE ('',( #1476 ) ) ;
#1591 = CARTESIAN_POINT ( 'NONE',  ( 1.000000000000000444, 0.5000000000000000000, -1.350000000000000089 ) ) ;
#1592 = VECTOR ( 'NONE', #2672, 1000.000000000000000 ) ;
#1593 = LINE ( 'NONE', #971, #1601 ) ;
#1594 = ORIENTED_EDGE ( 'NONE', *, *, #1518, .F. ) ;
#1595 = EDGE_CURVE ( 'NONE', #1089, #2544, #2409, .T. ) ;
#1596 = ADVANCED_FACE ( 'NONE', ( #1224 ), #770, .T. ) ;
#1597 = DIRECTION ( 'NONE',  ( -0.000000000000000000, -1.000000000000000000, -0.000000000000000000 ) ) ;
#1598 = DIRECTION ( 'NONE',  ( 0.000000000000000000, 0.000000000000000000, -1.000000000000000000 ) ) ;
#1599 = EDGE_CURVE ( 'NONE', #1357, #2621, #2429, .T. ) ;
#1600 = VECTOR ( 'NONE', #68, 1000.000000000000000 ) ;
#1601 = VECTOR ( 'NONE', #106, 1000.000000000000000 ) ;
#1602 = UNCERTAINTY_MEASURE_WITH_UNIT (LENGTH_MEASURE( 1.000000000000000082E-05 ), #468, 'distance_accuracy_value', 'NONE');
#1603 = ADVANCED_FACE ( 'NONE', ( #1151 ), #1894, .F. ) ;
#1604 = FACE_OUTER_BOUND ( 'NONE', #903, .T. ) ;
#1605 = EDGE_CURVE ( 'NONE', #854, #2236, #2434, .T. ) ;
#1606 = CARTESIAN_POINT ( 'NONE',  ( 0.9000000000000009104, 0.000000000000000000, 1.299999999999998046 ) ) ;
#1607 = CARTESIAN_POINT ( 'NONE',  ( 1.599999999999999867, 0.5000000000000000000, 0.2499999999999995837 ) ) ;
#1608 = LINE ( 'NONE', #1254, #2751 ) ;
#1609 = CARTESIAN_POINT ( 'NONE',  ( -0.9000000000000004663, 0.000000000000000000, 1.299999999999999822 ) ) ;
#1610 = VECTOR ( 'NONE', #815, 1000.000000000000000 ) ;
#1611 = EDGE_LOOP ( 'NONE', ( #753, #713, #283, #3146 ) ) ;
#1612 = DIRECTION ( 'NONE',  ( 1.000000000000000000, 0.000000000000000000, 0.000000000000000000 ) ) ;
#1613 = CARTESIAN_POINT ( 'NONE',  ( -0.2999999999999999889, 0.01000000000000000021, -0.8999999999999998002 ) ) ;
#1614 = VECTOR ( 'NONE', #2011, 1000.000000000000000 ) ;
#1615 = VECTOR ( 'NONE', #16, 999.9999999999998863 ) ;
#1616 = AXIS2_PLACEMENT_3D ( 'NONE', #1530, #2363, #364 ) ;
#1617 = DIRECTION ( 'NONE',  ( -0.000000000000000000, 0.000000000000000000, 1.000000000000000000 ) ) ;
#1618 = PLANE ( 'NONE',  #3494 ) ;
#1619 = CARTESIAN_POINT ( 'NONE',  ( -1.000000000000000000, 0.4899999999999999911, -0.6499999999999960254 ) ) ;
#1620 = DIRECTION ( 'NONE',  ( -0.000000000000000000, -1.000000000000000000, -0.000000000000000000 ) ) ;
#1621 = FACE_OUTER_BOUND ( 'NONE', #2532, .T. ) ;
#1622 = VECTOR ( 'NONE', #1097, 1000.000000000000000 ) ;
#1623 = ADVANCED_FACE ( 'NONE', ( #3595 ), #3009, .T. ) ;
#1624 = AXIS2_PLACEMENT_3D ( 'NONE', #1050, #474, #2752 ) ;
#1625 = CARTESIAN_POINT ( 'NONE',  ( -0.8999999999999999112, 0.000000000000000000, 0.1999999999999995948 ) ) ;
#1626 = FACE_OUTER_BOUND ( 'NONE', #984, .T. ) ;
#1627 = DIRECTION ( 'NONE',  ( 0.000000000000000000, 1.000000000000000000, 0.000000000000000000 ) ) ;
#1628 = DIRECTION ( 'NONE',  ( -1.000000000000000000, -0.000000000000000000, 6.195440985631454331E-16 ) ) ;
#1629 = VECTOR ( 'NONE', #212, 1000.000000000000000 ) ;
#1630 = LINE ( 'NONE', #439, #2848 ) ;
#1631 = EDGE_CURVE ( 'NONE', #918, #1886, #1155, .T. ) ;
#1632 = FACE_OUTER_BOUND ( 'NONE', #255, .T. ) ;
#1633 = LINE ( 'NONE', #57, #574 ) ;
#1634 = DIRECTION ( 'NONE',  ( -1.000000000000000000, 0.000000000000000000, 7.744301232039317914E-17 ) ) ;
#1635 = FACE_OUTER_BOUND ( 'NONE', #2064, .T. ) ;
#1636 = CARTESIAN_POINT ( 'NONE',  ( -1.599999999999999867, 0.000000000000000000, -1.350000000000000089 ) ) ;
#1637 = EDGE_CURVE ( 'NONE', #2402, #77, #2375, .T. ) ;
#1638 = LINE ( 'NONE', #2879, #437 ) ;
#1639 = VECTOR ( 'NONE', #1479, 1000.000000000000000 ) ;
#1640 = EDGE_CURVE ( 'NONE', #926, #2712, #1161, .T. ) ;
#1641 = CARTESIAN_POINT ( 'NONE',  ( 1.600000000000000311, 0.000000000000000000, 1.350000000000000089 ) ) ;
#1642 = DIRECTION ( 'NONE',  ( 7.744301232039317914E-17, -0.000000000000000000, 1.000000000000000000 ) ) ;
#1643 = CARTESIAN_POINT ( 'NONE',  ( 0.9000000000000003553, 1.793840481040530399, -1.300000000000000266 ) ) ;
#1644 = CARTESIAN_POINT ( 'NONE',  ( -1.000000000000000000, 0.4899999999999999911, -1.350000000000000089 ) ) ;
#1645 = VECTOR ( 'NONE', #1597, 1000.000000000000000 ) ;
#1646 = LINE ( 'NONE', #2383, #1664 ) ;
#1647 = ORIENTED_EDGE ( 'NONE', *, *, #2944, .T. ) ;
#1648 = EDGE_CURVE ( 'NONE', #918, #2034, #3617, .T. ) ;
#1649 = PRESENTATION_STYLE_ASSIGNMENT (( #3150 ) ) ;
#1650 = DIRECTION ( 'NONE',  ( 0.000000000000000000, 1.000000000000000000, 0.000000000000000000 ) ) ;
#1651 = LINE ( 'NONE', #3211, #466 ) ;
#1652 = ORIENTED_EDGE ( 'NONE', *, *, #79, .T. ) ;
#1653 = SURFACE_STYLE_USAGE ( .BOTH. , #3579 ) ;
#1654 = LINE ( 'NONE', #1396, #405 ) ;
#1655 = PLANE ( 'NONE',  #2807 ) ;
#1656 = DIRECTION ( 'NONE',  ( 0.000000000000000000, -0.000000000000000000, -1.000000000000000000 ) ) ;
#1657 = CARTESIAN_POINT ( 'NONE',  ( -1.599999999999999867, -0.5916653826391929938, 0.2499999999999995837 ) ) ;
#1658 = VERTEX_POINT ( 'NONE', #422 ) ;
#1659 = VECTOR ( 'NONE', #3262, 1000.000000000000000 ) ;
#1660 = ORIENTED_EDGE ( 'NONE', *, *, #2144, .T. ) ;
#1661 = DIRECTION ( 'NONE',  ( 0.000000000000000000, 0.000000000000000000, 1.000000000000000000 ) ) ;
#1662 = PLANE ( 'NONE',  #1799 ) ;
#1663 = CARTESIAN_POINT ( 'NONE',  ( -1.600000000000000533, 0.000000000000000000, 1.299999999999999378 ) ) ;
#1664 = VECTOR ( 'NONE', #1529, 1000.000000000000000 ) ;
#1665 = VERTEX_POINT ( 'NONE', #846 ) ;
#1666 = VECTOR ( 'NONE', #1891, 1000.000000000000000 ) ;
#1667 = CARTESIAN_POINT ( 'NONE',  ( 0.9000000000000003553, 0.4899999999999999911, -1.300000000000000266 ) ) ;
#1668 = CARTESIAN_POINT ( 'NONE',  ( -1.599999999999999867, 0.4899999999999999911, -0.2500000000000004441 ) ) ;
#1669 = FACE_OUTER_BOUND ( 'NONE', #111, .T. ) ;
#1670 = DIRECTION ( 'NONE',  ( 1.000000000000000000, -0.000000000000000000, 5.913830031739114557E-16 ) ) ;
#1671 = EDGE_CURVE ( 'NONE', #2376, #1411, #3637, .T. ) ;
#1672 = ORIENTED_EDGE ( 'NONE', *, *, #1470, .T. ) ;
#1673 = EDGE_CURVE ( 'NONE', #3411, #3580, #3657, .T. ) ;
#1674 = DIRECTION ( 'NONE',  ( 1.000000000000000000, 0.000000000000000000, -6.195440985631454331E-16 ) ) ;
#1675 = FACE_OUTER_BOUND ( 'NONE', #35, .T. ) ;
#1676 = CARTESIAN_POINT ( 'NONE',  ( -0.8942038115749207927, 1.099999999999999867, -3.438061301782110224 ) ) ;
#1677 = CARTESIAN_POINT ( 'NONE',  ( 1.600000000000000533, 0.4899999999999999911, 0.7499999999999983347 ) ) ;
#1678 = SURFACE_STYLE_USAGE ( .BOTH. , #957 ) ;
#1679 = ORIENTED_EDGE ( 'NONE', *, *, #2194, .T. ) ;
#1680 = ADVANCED_FACE ( 'NONE', ( #1110 ), #1757, .F. ) ;
#1681 = EDGE_CURVE ( 'NONE', #2585, #818, #2415, .T. ) ;
#1682 = LINE ( 'NONE', #223, #1712 ) ;
#1683 = EDGE_CURVE ( 'NONE', #2780, #2794, #2423, .T. ) ;
#1684 = ORIENTED_EDGE ( 'NONE', *, *, #500, .F. ) ;
#1685 = CARTESIAN_POINT ( 'NONE',  ( 0.000000000000000000, 0.000000000000000000, 0.000000000000000000 ) ) ;
#1686 = DIRECTION ( 'NONE',  ( -0.000000000000000000, -0.000000000000000000, -1.000000000000000000 ) ) ;
#1687 = VECTOR ( 'NONE', #1406, 1000.000000000000000 ) ;
#1688 = ORIENTED_EDGE ( 'NONE', *, *, #2432, .F. ) ;
#1689 = CIRCLE ( 'NONE', #2582, 0.2999999999999997669 ) ;
#1690 = DIRECTION ( 'NONE',  ( 0.000000000000000000, 0.000000000000000000, 1.000000000000000000 ) ) ;
#1691 = PLANE ( 'NONE',  #2130 ) ;
#1692 = CARTESIAN_POINT ( 'NONE',  ( 1.600000000000000977, 0.000000000000000000, 1.049999999999997158 ) ) ;
#1693 = DIRECTION ( 'NONE',  ( 1.000000000000000000, 0.000000000000000000, -0.000000000000000000 ) ) ;
#1694 = ORIENTED_EDGE ( 'NONE', *, *, #94, .F. ) ;
#1695 = AXIS2_PLACEMENT_3D ( 'NONE', #2040, #634, #779 ) ;
#1696 = VECTOR ( 'NONE', #1719, 1000.000000000000000 ) ;
#1697 = VECTOR ( 'NONE', #1197, 1000.000000000000000 ) ;
#1698 = SURFACE_STYLE_FILL_AREA ( #2764 ) ;
#1699 = CARTESIAN_POINT ( 'NONE',  ( -1.000000000000000000, 0.4899999999999999911, 0.2499999999999994726 ) ) ;
#1700 = DIRECTION ( 'NONE',  ( -0.000000000000000000, -0.000000000000000000, -1.000000000000000000 ) ) ;
#1701 = ORIENTED_EDGE ( 'NONE', *, *, #54, .F. ) ;
#1702 = LINE ( 'NONE', #2639, #526 ) ;
#1703 = AXIS2_PLACEMENT_3D ( 'NONE', #1266, #686, #3250 ) ;
#1704 = LINE ( 'NONE', #2208, #1666 ) ;
#1705 = FACE_OUTER_BOUND ( 'NONE', #390, .T. ) ;
#1706 = ORIENTED_EDGE ( 'NONE', *, *, #2739, .T. ) ;
#1707 = ADVANCED_FACE ( 'NONE', ( #1236 ), #2588, .F. ) ;
#1708 = LINE ( 'NONE', #3625, #577 ) ;
#1709 = DIRECTION ( 'NONE',  ( 1.807003620809174632E-16, -0.000000000000000000, -1.000000000000000000 ) ) ;
#1710 = AXIS2_PLACEMENT_3D ( 'NONE', #1121, #2732, #204 ) ;
#1711 = DIRECTION ( 'NONE',  ( 0.000000000000000000, -1.000000000000000000, 0.000000000000000000 ) ) ;
#1712 = VECTOR ( 'NONE', #2522, 1000.000000000000000 ) ;
#1713 = EDGE_LOOP ( 'NONE', ( #875, #800, #7, #1255, #3156, #2213 ) ) ;
#1714 = VECTOR ( 'NONE', #3543, 1000.000000000000000 ) ;
#1715 = EDGE_CURVE ( 'NONE', #3295, #2227, #40, .T. ) ;
#1716 = VECTOR ( 'NONE', #3447, 1000.000000000000000 ) ;
#1717 = DIRECTION ( 'NONE',  ( -1.000000000000000000, 0.000000000000000000, 5.421010862427520198E-16 ) ) ;
#1718 = DIRECTION ( 'NONE',  ( 0.000000000000000000, 0.000000000000000000, 1.000000000000000000 ) ) ;
#1719 = DIRECTION ( 'NONE',  ( -0.000000000000000000, -1.000000000000000000, -0.000000000000000000 ) ) ;
#1720 = EDGE_CURVE ( 'NONE', #1317, #289, #2559, .T. ) ;
#1721 = ORIENTED_EDGE ( 'NONE', *, *, #832, .F. ) ;
#1722 = VECTOR ( 'NONE', #761, 1000.000000000000000 ) ;
#1723 = VECTOR ( 'NONE', #3272, 1000.000000000000000 ) ;
#1724 = CARTESIAN_POINT ( 'NONE',  ( -1.000000000000000000, 0.4899999999999999911, -1.350000000000000089 ) ) ;
#1725 = ORIENTED_EDGE ( 'NONE', *, *, #1372, .T. ) ;
#1726 = EDGE_CURVE ( 'NONE', #3324, #855, #2460, .T. ) ;
#1727 = FACE_OUTER_BOUND ( 'NONE', #690, .T. ) ;
#1728 = LINE ( 'NONE', #2020, #2898 ) ;
#1729 = ADVANCED_FACE ( 'NONE', ( #1271 ), #1409, .T. ) ;
#1730 = ORIENTED_EDGE ( 'NONE', *, *, #3508, .T. ) ;
#1731 = FACE_OUTER_BOUND ( 'NONE', #3141, .T. ) ;
#1732 = DIRECTION ( 'NONE',  ( 0.000000000000000000, -0.000000000000000000, -1.000000000000000000 ) ) ;
#1733 = DIRECTION ( 'NONE',  ( 1.000000000000000000, 0.000000000000000000, 0.000000000000000000 ) ) ;
#1734 = DIRECTION ( 'NONE',  ( 0.000000000000000000, 1.000000000000000000, -0.000000000000000000 ) ) ;
#1735 = FACE_OUTER_BOUND ( 'NONE', #3362, .T. ) ;
#1736 = ORIENTED_EDGE ( 'NONE', *, *, #86, .F. ) ;
#1737 = VECTOR ( 'NONE', #806, 1000.000000000000000 ) ;
#1738 = VECTOR ( 'NONE', #2497, 1000.000000000000000 ) ;
#1739 = AXIS2_PLACEMENT_3D ( 'NONE', #397, #1020, #2467 ) ;
#1740 = PLANE ( 'NONE',  #943 ) ;
#1741 = PLANE ( 'NONE',  #2664 ) ;
#1742 = ORIENTED_EDGE ( 'NONE', *, *, #2422, .T. ) ;
#1743 = LINE ( 'NONE', #3522, #2964 ) ;
#1744 = FACE_OUTER_BOUND ( 'NONE', #2110, .T. ) ;
#1745 = CARTESIAN_POINT ( 'NONE',  ( 1.600000000000000311, 0.4899999999999999911, -1.300000000000000266 ) ) ;
#1746 = AXIS2_PLACEMENT_3D ( 'NONE', #3090, #3404, #2210 ) ;
#1747 = CARTESIAN_POINT ( 'NONE',  ( -1.599999999999999867, 0.5000000000000000000, 1.350000000000000089 ) ) ;
#1748 = CARTESIAN_POINT ( 'NONE',  ( -1.599999999999999867, 1.793840481040530399, -0.2000000000000000389 ) ) ;
#1749 = ORIENTED_EDGE ( 'NONE', *, *, #2061, .T. ) ;
#1750 = CARTESIAN_POINT ( 'NONE',  ( 1.600000000000000311, 0.5000000000000000000, -1.350000000000000089 ) ) ;
#1751 = VECTOR ( 'NONE', #2126, 1000.000000000000000 ) ;
#1752 = VECTOR ( 'NONE', #2987, 1000.000000000000000 ) ;
#1753 = EDGE_CURVE ( 'NONE', #1387, #3336, #2500, .T. ) ;
#1754 = ORIENTED_EDGE ( 'NONE', *, *, #1251, .T. ) ;
#1755 = VECTOR ( 'NONE', #279, 1000.000000000000000 ) ;
#1756 = CARTESIAN_POINT ( 'NONE',  ( -0.9000000000000004663, 0.000000000000000000, 1.299999999999999822 ) ) ;
#1757 = PLANE ( 'NONE',  #249 ) ;
#1758 = FACE_OUTER_BOUND ( 'NONE', #3562, .T. ) ;
#1759 = ADVANCED_FACE ( 'NONE', ( #2488 ), #340, .T. ) ;
#1760 = COLOUR_RGB ( '',0.000000000000000000, 0.5019607843137254832, 0.000000000000000000 ) ;
#1761 = ORIENTED_EDGE ( 'NONE', *, *, #1047, .T. ) ;
#1762 = EDGE_CURVE ( 'NONE', #1302, #228, #1252, .T. ) ;
#1763 = FACE_OUTER_BOUND ( 'NONE', #944, .T. ) ;
#1764 = DIRECTION ( 'NONE',  ( 0.000000000000000000, -1.000000000000000000, 0.000000000000000000 ) ) ;
#1765 = VECTOR ( 'NONE', #338, 1000.000000000000000 ) ;
#1766 = EDGE_CURVE ( 'NONE', #1545, #201, #2482, .T. ) ;
#1767 = CARTESIAN_POINT ( 'NONE',  ( 0.000000000000000000, 0.000000000000000000, 1.349000000000000199 ) ) ;
#1768 = DIRECTION ( 'NONE',  ( 0.000000000000000000, 0.000000000000000000, 1.000000000000000000 ) ) ;
#1769 = DIRECTION ( 'NONE',  ( 6.195440985631454331E-16, 0.000000000000000000, 1.000000000000000000 ) ) ;
#1770 = LINE ( 'NONE', #2943, #472 ) ;
#1771 = ORIENTED_EDGE ( 'NONE', *, *, #3581, .T. ) ;
#1772 = VECTOR ( 'NONE', #189, 1000.000000000000000 ) ;
#1773 = LINE ( 'NONE', #2168, #3091 ) ;
#1774 = EDGE_CURVE ( 'NONE', #3093, #2243, #1299, .T. ) ;
#1775 = FACE_OUTER_BOUND ( 'NONE', #793, .T. ) ;
#1776 = DIRECTION ( 'NONE',  ( -1.000000000000000000, 0.000000000000000000, 0.000000000000000000 ) ) ;
#1777 = PLANE ( 'NONE',  #2175 ) ;
#1778 = ORIENTED_EDGE ( 'NONE', *, *, #3465, .T. ) ;
#1779 = DIRECTION ( 'NONE',  ( 1.000000000000000000, 0.000000000000000000, 0.000000000000000000 ) ) ;
#1780 = VECTOR ( 'NONE', #2101, 1000.000000000000000 ) ;
#1781 = VECTOR ( 'NONE', #386, 1000.000000000000000 ) ;
#1782 = CARTESIAN_POINT ( 'NONE',  ( -1.599999999999999867, 0.5000000000000000000, -1.049999999999999822 ) ) ;
#1783 = ORIENTED_EDGE ( 'NONE', *, *, #736, .F. ) ;
#1784 = VECTOR ( 'NONE', #2853, 1000.000000000000000 ) ;
#1785 = DIRECTION ( 'NONE',  ( -0.000000000000000000, -1.000000000000000000, -0.000000000000000000 ) ) ;
#1786 = DIRECTION ( 'NONE',  ( 0.000000000000000000, 0.000000000000000000, -1.000000000000000000 ) ) ;
#1787 = LINE ( 'NONE', #1641, #3138 ) ;
#1788 = LINE ( 'NONE', #833, #2994 ) ;
#1789 = EDGE_LOOP ( 'NONE', ( #3574, #1210, #3468, #2695 ) ) ;
#1790 = VECTOR ( 'NONE', #618, 1000.000000000000000 ) ;
#1791 = CARTESIAN_POINT ( 'NONE',  ( -1.599999999999999867, 0.000000000000000000, -1.300000000000000266 ) ) ;
#1792 = DIRECTION ( 'NONE',  ( 0.000000000000000000, 1.000000000000000000, 0.000000000000000000 ) ) ;
#1793 = DIRECTION ( 'NONE',  ( 0.000000000000000000, 0.000000000000000000, 1.000000000000000000 ) ) ;
#1794 = ADVANCED_FACE ( 'NONE', ( #2536 ), #83, .F. ) ;
#1795 = LINE ( 'NONE', #1625, #1622 ) ;
#1796 = FILL_AREA_STYLE ('',( #1917 ) ) ;
#1797 = ORIENTED_EDGE ( 'NONE', *, *, #2571, .T. ) ;
#1798 = LINE ( 'NONE', #2874, #2927 ) ;
#1799 = AXIS2_PLACEMENT_3D ( 'NONE', #1183, #1734, #2254 ) ;
#1800 = VECTOR ( 'NONE', #3298, 1000.000000000000000 ) ;
#1801 = CARTESIAN_POINT ( 'NONE',  ( -1.599999999999999867, 0.4899999999999999911, -1.300000000000000266 ) ) ;
#1802 = ORIENTED_EDGE ( 'NONE', *, *, #1720, .T. ) ;
#1803 = ADVANCED_FACE ( 'NONE', ( #2456 ), #272, .F. ) ;
#1804 = CARTESIAN_POINT ( 'NONE',  ( -0.8999999999999999112, 1.793840481040530399, 0.1999999999999995948 ) ) ;
#1805 = ORIENTED_EDGE ( 'NONE', *, *, #3096, .F. ) ;
#1806 = PRESENTATION_LAYER_ASSIGNMENT (  '', '', ( #1154 ) ) ;
#1807 = CARTESIAN_POINT ( 'NONE',  ( 1.600000000000000311, -2.275863337187866264, -1.350000000000000089 ) ) ;
#1808 = LINE ( 'NONE', #1988, #1817 ) ;
#1809 = EDGE_CURVE ( 'NONE', #2116, #1178, #91, .T. ) ;
#1810 = DIRECTION ( 'NONE',  ( 0.000000000000000000, 0.000000000000000000, 1.000000000000000000 ) ) ;
#1811 = ORIENTED_EDGE ( 'NONE', *, *, #2598, .T. ) ;
#1812 = VERTEX_POINT ( 'NONE', #3152 ) ;
#1813 = CARTESIAN_POINT ( 'NONE',  ( -1.599999999999999867, 0.4899999999999999911, 0.2499999999999995837 ) ) ;
#1814 = SURFACE_SIDE_STYLE ('',( #2000 ) ) ;
#1815 = VECTOR ( 'NONE', #1330, 1000.000000000000000 ) ;
#1816 = EDGE_CURVE ( 'NONE', #3643, #1135, #1335, .T. ) ;
#1817 = VECTOR ( 'NONE', #1700, 1000.000000000000000 ) ;
#1818 = VERTEX_POINT ( 'NONE', #609 ) ;
#1819 = EDGE_CURVE ( 'NONE', #978, #3208, #1286, .T. ) ;
#1820 = ORIENTED_EDGE ( 'NONE', *, *, #1554, .T. ) ;
#1821 = DIRECTION ( 'NONE',  ( -1.000000000000000000, -0.000000000000000000, 5.421010862427520198E-16 ) ) ;
#1822 = DIRECTION ( 'NONE',  ( -0.000000000000000000, -0.000000000000000000, 1.000000000000000000 ) ) ;
#1823 = FACE_OUTER_BOUND ( 'NONE', #3419, .T. ) ;
#1824 = PLANE ( 'NONE',  #1400 ) ;
#1825 = CARTESIAN_POINT ( 'NONE',  ( 1.000000000000000000, 0.5000000000000000000, 1.350000000000000089 ) ) ;
#1826 = CARTESIAN_POINT ( 'NONE',  ( -1.599999999999999867, 0.4899999999999999911, -0.4500000000000001776 ) ) ;
#1827 = ORIENTED_EDGE ( 'NONE', *, *, #221, .T. ) ;
#1828 = ORIENTED_EDGE ( 'NONE', *, *, #695, .F. ) ;
#1829 = EDGE_CURVE ( 'NONE', #926, #1862, #75, .T. ) ;
#1830 = VECTOR ( 'NONE', #3523, 1000.000000000000000 ) ;
#1831 = ADVANCED_FACE ( 'NONE', ( #12 ), #2117, .T. ) ;
#1832 = LINE ( 'NONE', #2817, #3117 ) ;
#1833 = DIRECTION ( 'NONE',  ( -1.000000000000000000, 0.000000000000000000, -6.195440985631454331E-16 ) ) ;
#1834 = CARTESIAN_POINT ( 'NONE',  ( -1.599999999999999867, -2.275863337187866264, -0.4500000000000001776 ) ) ;
#1835 = EDGE_LOOP ( 'NONE', ( #598, #104, #1928, #502 ) ) ;
#1836 = FILL_AREA_STYLE_COLOUR ( '', #1118 ) ;
#1837 = VERTEX_POINT ( 'NONE', #2166 ) ;
#1838 = AXIS2_PLACEMENT_3D ( 'NONE', #1543, #2643, #1306 ) ;
#1839 = ORIENTED_EDGE ( 'NONE', *, *, #3431, .F. ) ;
#1840 = VERTEX_POINT ( 'NONE', #1347 ) ;
#1841 = DIRECTION ( 'NONE',  ( 1.000000000000000000, -0.000000000000000000, -1.807003620809174632E-16 ) ) ;
#1842 = SURFACE_STYLE_FILL_AREA ( #1796 ) ;
#1843 = AXIS2_PLACEMENT_3D ( 'NONE', #1677, #1376, #1656 ) ;
#1844 = FACE_OUTER_BOUND ( 'NONE', #3442, .T. ) ;
#1845 = ORIENTED_EDGE ( 'NONE', *, *, #268, .T. ) ;
#1846 = ORIENTED_EDGE ( 'NONE', *, *, #2359, .T. ) ;
#1847 = DIRECTION ( 'NONE',  ( 0.000000000000000000, -0.000000000000000000, -1.000000000000000000 ) ) ;
#1848 = VECTOR ( 'NONE', #2492, 1000.000000000000000 ) ;
#1849 = DIRECTION ( 'NONE',  ( -1.000000000000000000, 0.000000000000000000, -0.000000000000000000 ) ) ;
#1850 = CARTESIAN_POINT ( 'NONE',  ( 0.000000000000000000, 0.000000000000000000, 1.349000000000000199 ) ) ;
#1851 = LINE ( 'NONE', #3007, #1929 ) ;
#1852 = AXIS2_PLACEMENT_3D ( 'NONE', #2271, #2901, #3483 ) ;
#1853 = PRODUCT_CONTEXT ( 'NONE', #1260, 'mechanical' ) ;
#1854 = ORIENTED_EDGE ( 'NONE', *, *, #1970, .T. ) ;
#1855 = ORIENTED_EDGE ( 'NONE', *, *, #133, .F. ) ;
#1856 = LINE ( 'NONE', #3028, #3050 ) ;
#1857 = FACE_OUTER_BOUND ( 'NONE', #1991, .T. ) ;
#1858 = LINE ( 'NONE', #684, #1916 ) ;
#1859 = CARTESIAN_POINT ( 'NONE',  ( -1.600000000000000533, 0.4899999999999999911, 1.299999999999999378 ) ) ;
#1860 = EDGE_LOOP ( 'NONE', ( #2477, #1749, #1672, #700 ) ) ;
#1861 = AXIS2_PLACEMENT_3D ( 'NONE', #2935, #1555, #1866 ) ;
#1862 = VERTEX_POINT ( 'NONE', #1607 ) ;
#1863 = EDGE_CURVE ( 'NONE', #900, #25, #2543, .T. ) ;
#1864 = LINE ( 'NONE', #1826, #3041 ) ;
#1865 = VECTOR ( 'NONE', #505, 1000.000000000000000 ) ;
#1866 = DIRECTION ( 'NONE',  ( 1.000000000000000000, 0.000000000000000000, -6.195440985631454331E-16 ) ) ;
#1867 = VECTOR ( 'NONE', #769, 1000.000000000000000 ) ;
#1868 = DIRECTION ( 'NONE',  ( 3.614007241618349264E-16, 0.000000000000000000, -1.000000000000000000 ) ) ;
#1869 = ORIENTED_EDGE ( 'NONE', *, *, #94, .T. ) ;
#1870 = ORIENTED_EDGE ( 'NONE', *, *, #2747, .F. ) ;
#1871 = PLANE ( 'NONE',  #817 ) ;
#1872 = CARTESIAN_POINT ( 'NONE',  ( 0.9000000000000009104, 0.4899999999999999911, 1.299999999999998046 ) ) ;
#1873 = EDGE_CURVE ( 'NONE', #2651, #785, #1342, .T. ) ;
#1874 = FACE_OUTER_BOUND ( 'NONE', #2867, .T. ) ;
#1875 = FACE_OUTER_BOUND ( 'NONE', #699, .T. ) ;
#1876 = CLOSED_SHELL ( 'NONE', ( #1447, #1596, #426, #1759, #1215, #3237 ) ) ;
#1877 = ORIENTED_EDGE ( 'NONE', *, *, #872, .T. ) ;
#1878 = CARTESIAN_POINT ( 'NONE',  ( 1.600000000000000311, 0.5000000000000000000, 0.4499999999999999556 ) ) ;
#1879 = FACE_OUTER_BOUND ( 'NONE', #3271, .T. ) ;
#1880 =( NAMED_UNIT ( * ) SI_UNIT ( $, .STERADIAN. ) SOLID_ANGLE_UNIT ( ) );
#1881 = CARTESIAN_POINT ( 'NONE',  ( -0.8999999999999999112, 0.4899999999999999911, 0.1999999999999995948 ) ) ;
#1882 = LINE ( 'NONE', #3488, #693 ) ;
#1883 = UNCERTAINTY_MEASURE_WITH_UNIT (LENGTH_MEASURE( 1.000000000000000082E-05 ), #3264, 'distance_accuracy_value', 'NONE');
#1884 = FACE_OUTER_BOUND ( 'NONE', #1261, .T. ) ;
#1885 = CARTESIAN_POINT ( 'NONE',  ( 1.600000000000000311, 0.000000000000000000, 1.350000000000000089 ) ) ;
#1886 = VERTEX_POINT ( 'NONE', #129 ) ;
#1887 = ORIENTED_EDGE ( 'NONE', *, *, #2793, .T. ) ;
#1888 = VECTOR ( 'NONE', #2791, 1000.000000000000000 ) ;
#1889 = LINE ( 'NONE', #662, #1752 ) ;
#1890 = VECTOR ( 'NONE', #1690, 1000.000000000000000 ) ;
#1891 = DIRECTION ( 'NONE',  ( -0.000000000000000000, -1.000000000000000000, -0.000000000000000000 ) ) ;
#1892 = CARTESIAN_POINT ( 'NONE',  ( -0.3000000000000000444, 2.773910997119842570, -0.5999999999999998668 ) ) ;
#1893 = EDGE_LOOP ( 'NONE', ( #2097, #1854, #813, #649 ) ) ;
#1894 = PLANE ( 'NONE',  #3280 ) ;
#1895 = ORIENTED_EDGE ( 'NONE', *, *, #2641, .T. ) ;
#1896 = STYLED_ITEM ( 'NONE', ( #586 ), #401 ) ;
#1897 = VECTOR ( 'NONE', #2413, 1000.000000000000000 ) ;
#1898 = LINE ( 'NONE', #316, #3098 ) ;
#1899 = FACE_OUTER_BOUND ( 'NONE', #843, .T. ) ;
#1900 = ORIENTED_EDGE ( 'NONE', *, *, #732, .F. ) ;
#1901 = ORIENTED_EDGE ( 'NONE', *, *, #1160, .T. ) ;
#1902 = CARTESIAN_POINT ( 'NONE',  ( 1.600000000000000311, -2.275863337187866264, 1.049999999999997602 ) ) ;
#1903 = AXIS2_PLACEMENT_3D ( 'NONE', #3080, #1327, #1612 ) ;
#1904 = PLANE ( 'NONE',  #2414 ) ;
#1905 = PLANE ( 'NONE',  #509 ) ;
#1906 = VECTOR ( 'NONE', #2885, 1000.000000000000000 ) ;
#1907 = VECTOR ( 'NONE', #1242, 1000.000000000000000 ) ;
#1908 = ORIENTED_EDGE ( 'NONE', *, *, #1333, .F. ) ;
#1909 = ORIENTED_EDGE ( 'NONE', *, *, #1774, .F. ) ;
#1910 = PRESENTATION_LAYER_ASSIGNMENT (  '', '', ( #3190 ) ) ;
#1911 = DIRECTION ( 'NONE',  ( -1.000000000000000000, 0.000000000000000000, -1.807003620809174632E-16 ) ) ;
#1912 = LINE ( 'NONE', #1914, #3124 ) ;
#1913 = CARTESIAN_POINT ( 'NONE',  ( -1.599999999999999867, 0.4899999999999999911, -1.350000000000000089 ) ) ;
#1914 = CARTESIAN_POINT ( 'NONE',  ( 1.000000000000000444, 0.4899999999999999911, -1.350000000000000089 ) ) ;
#1915 = LINE ( 'NONE', #2297, #1781 ) ;
#1916 = VECTOR ( 'NONE', #3415, 1000.000000000000000 ) ;
#1917 = FILL_AREA_STYLE_COLOUR ( '', #601 ) ;
#1918 = ORIENTED_EDGE ( 'NONE', *, *, #3259, .T. ) ;
#1919 = ORIENTED_EDGE ( 'NONE', *, *, #2913, .F. ) ;
#1920 = LINE ( 'NONE', #2439, #692 ) ;
#1921 = EDGE_CURVE ( 'NONE', #1840, #3295, #34, .T. ) ;
#1922 = LINE ( 'NONE', #3376, #523 ) ;
#1923 = CARTESIAN_POINT ( 'NONE',  ( 0.000000000000000000, 2.773910997119842570, -1.349000000000000199 ) ) ;
#1924 = COLOUR_RGB ( '',1.000000000000000000, 0.8117647058823529438, 0.5019607843137254832 ) ;
#1925 = CARTESIAN_POINT ( 'NONE',  ( 0.9000000000000003553, 0.4899999999999999911, 0.1999999999999987343 ) ) ;
#1926 = ORIENTED_EDGE ( 'NONE', *, *, #1673, .F. ) ;
#1927 = EDGE_CURVE ( 'NONE', #3350, #3309, #108, .T. ) ;
#1928 = ORIENTED_EDGE ( 'NONE', *, *, #2826, .F. ) ;
#1929 = VECTOR ( 'NONE', #844, 1000.000000000000000 ) ;
#1930 = ORIENTED_EDGE ( 'NONE', *, *, #1549, .F. ) ;
#1931 = ORIENTED_EDGE ( 'NONE', *, *, #2528, .T. ) ;
#1932 = EDGE_CURVE ( 'NONE', #2575, #3475, #1259, .T. ) ;
#1933 = DIRECTION ( 'NONE',  ( 0.000000000000000000, -0.000000000000000000, 1.000000000000000000 ) ) ;
#1934 = DIRECTION ( 'NONE',  ( 1.000000000000000000, -0.000000000000000000, 3.614007241618348278E-16 ) ) ;
#1935 = SHAPE_DEFINITION_REPRESENTATION ( #1452, #401 ) ;
#1936 = LINE ( 'NONE', #2018, #2978 ) ;
#1937 = ORIENTED_EDGE ( 'NONE', *, *, #527, .T. ) ;
#1938 = ORIENTED_EDGE ( 'NONE', *, *, #3058, .F. ) ;
#1939 = DIRECTION ( 'NONE',  ( -0.000000000000000000, 1.000000000000000000, 0.000000000000000000 ) ) ;
#1940 = CARTESIAN_POINT ( 'NONE',  ( 1.000000000000000444, 0.5000000000000000000, -1.350000000000000089 ) ) ;
#1941 = LINE ( 'NONE', #2342, #2959 ) ;
#1942 = ADVANCED_FACE ( 'NONE', ( #116 ), #1904, .T. ) ;
#1943 = VECTOR ( 'NONE', #600, 1000.000000000000000 ) ;
#1944 = ORIENTED_EDGE ( 'NONE', *, *, #2105, .T. ) ;
#1945 = EDGE_LOOP ( 'NONE', ( #2894, #2912, #1435, #615, #2513 ) ) ;
#1946 = AXIS2_PLACEMENT_3D ( 'NONE', #2174, #1088, #3315 ) ;
#1947 = VECTOR ( 'NONE', #381, 1000.000000000000000 ) ;
#1948 = DIRECTION ( 'NONE',  ( -0.000000000000000000, -0.000000000000000000, -1.000000000000000000 ) ) ;
#1949 = DIRECTION ( 'NONE',  ( 0.000000000000000000, 0.000000000000000000, -1.000000000000000000 ) ) ;
#1950 = ORIENTED_EDGE ( 'NONE', *, *, #1278, .F. ) ;
#1951 = ORIENTED_EDGE ( 'NONE', *, *, #432, .T. ) ;
#1952 = AXIS2_PLACEMENT_3D ( 'NONE', #3352, #3611, #2952 ) ;
#1953 = FACE_OUTER_BOUND ( 'NONE', #1611, .T. ) ;
#1954 = CARTESIAN_POINT ( 'NONE',  ( 0.000000000000000000, 0.01000000000000000021, 1.349000000000000199 ) ) ;
#1955 = ORIENTED_EDGE ( 'NONE', *, *, #2388, .F. ) ;
#1956 = VERTEX_POINT ( 'NONE', #1319 ) ;
#1957 = DIRECTION ( 'NONE',  ( 0.000000000000000000, -0.000000000000000000, 1.000000000000000000 ) ) ;
#1958 = PLANE ( 'NONE',  #763 ) ;
#1959 = DIRECTION ( 'NONE',  ( 0.000000000000000000, 1.000000000000000000, 0.000000000000000000 ) ) ;
#1960 = VECTOR ( 'NONE', #2565, 1000.000000000000000 ) ;
#1961 = ORIENTED_EDGE ( 'NONE', *, *, #3047, .T. ) ;
#1962 = EDGE_CURVE ( 'NONE', #1356, #2610, #1321, .T. ) ;
#1963 = ORIENTED_EDGE ( 'NONE', *, *, #2608, .T. ) ;
#1964 = CARTESIAN_POINT ( 'NONE',  ( -1.599999999999999867, -2.275863337187866264, 0.4500000000000007327 ) ) ;
#1965 = PLANE ( 'NONE',  #1102 ) ;
#1966 = VECTOR ( 'NONE', #18, 1000.000000000000000 ) ;
#1967 = VERTEX_POINT ( 'NONE', #1054 ) ;
#1968 = ORIENTED_EDGE ( 'NONE', *, *, #2025, .F. ) ;
#1969 = EDGE_CURVE ( 'NONE', #3512, #247, #1349, .T. ) ;
#1970 = EDGE_CURVE ( 'NONE', #1402, #210, #1281, .T. ) ;
#1971 = ADVANCED_FACE ( 'NONE', ( #1329 ), #2481, .F. ) ;
#1972 = CARTESIAN_POINT ( 'NONE',  ( -1.600000000000000533, 0.000000000000000000, 1.049999999999998934 ) ) ;
#1973 = LINE ( 'NONE', #339, #791 ) ;
#1974 = PLANE ( 'NONE',  #1308 ) ;
#1975 = DIRECTION ( 'NONE',  ( 0.000000000000000000, 0.000000000000000000, 1.000000000000000000 ) ) ;
#1976 = VERTEX_POINT ( 'NONE', #2733 ) ;
#1977 = PLANE ( 'NONE',  #2258 ) ;
#1978 = ORIENTED_EDGE ( 'NONE', *, *, #1334, .F. ) ;
#1979 = EDGE_CURVE ( 'NONE', #2243, #848, #48, .T. ) ;
#1980 = VECTOR ( 'NONE', #2541, 1000.000000000000000 ) ;
#1981 = ORIENTED_EDGE ( 'NONE', *, *, #1325, .F. ) ;
#1982 = EDGE_LOOP ( 'NONE', ( #2495, #1870, #1736, #267, #1156 ) ) ;
#1983 = CARTESIAN_POINT ( 'NONE',  ( -1.599999999999999867, 0.4899999999999999911, -1.350000000000000089 ) ) ;
#1984 = CARTESIAN_POINT ( 'NONE',  ( -1.399999999999999689, 0.4899999999999999911, -0.2500000000000006106 ) ) ;
#1985 = FACE_OUTER_BOUND ( 'NONE', #3453, .T. ) ;
#1986 = ORIENTED_EDGE ( 'NONE', *, *, #3293, .T. ) ;
#1987 = DIRECTION ( 'NONE',  ( -0.000000000000000000, -1.000000000000000000, -0.000000000000000000 ) ) ;
#1988 = CARTESIAN_POINT ( 'NONE',  ( 1.600000000000000311, 0.5000000000000000000, -1.350000000000000089 ) ) ;
#1989 = VECTOR ( 'NONE', #245, 1000.000000000000000 ) ;
#1990 = EDGE_LOOP ( 'NONE', ( #2787, #2416, #3429, #2738 ) ) ;
#1991 = EDGE_LOOP ( 'NONE', ( #893, #3530, #183, #2145, #3290, #1364, #150, #3459 ) ) ;
#1992 = DIRECTION ( 'NONE',  ( 0.000000000000000000, -1.000000000000000000, 0.000000000000000000 ) ) ;
#1993 = LINE ( 'NONE', #2427, #3252 ) ;
#1994 = DIRECTION ( 'NONE',  ( 0.000000000000000000, 0.000000000000000000, 1.000000000000000000 ) ) ;
#1995 = DIRECTION ( 'NONE',  ( 0.000000000000000000, -1.000000000000000000, 0.000000000000000000 ) ) ;
#1996 = ORIENTED_EDGE ( 'NONE', *, *, #2266, .T. ) ;
#1997 = CARTESIAN_POINT ( 'NONE',  ( 0.000000000000000000, 0.01000000000000000021, -1.349000000000000199 ) ) ;
#1998 = ORIENTED_EDGE ( 'NONE', *, *, #1720, .F. ) ;
#1999 = MECHANICAL_DESIGN_GEOMETRIC_PRESENTATION_REPRESENTATION (  '', ( #3190 ), #2304 ) ;
#2000 = SURFACE_STYLE_FILL_AREA ( #2937 ) ;
#2001 = ORIENTED_EDGE ( 'NONE', *, *, #3103, .F. ) ;
#2002 = ORIENTED_EDGE ( 'NONE', *, *, #3629, .F. ) ;
#2003 = CARTESIAN_POINT ( 'NONE',  ( -0.8999999999999999112, 0.4899999999999999911, -1.300000000000000266 ) ) ;
#2004 = DIRECTION ( 'NONE',  ( 1.807003620809174632E-16, -0.000000000000000000, 1.000000000000000000 ) ) ;
#2005 = CARTESIAN_POINT ( 'NONE',  ( -1.599999999999999867, 0.4899999999999999911, -1.350000000000000089 ) ) ;
#2006 = EDGE_CURVE ( 'NONE', #3024, #2340, #1240, .T. ) ;
#2007 = VECTOR ( 'NONE', #1384, 1000.000000000000000 ) ;
#2008 = ORIENTED_EDGE ( 'NONE', *, *, #1427, .T. ) ;
#2009 = EDGE_CURVE ( 'NONE', #1368, #1862, #1276, .T. ) ;
#2010 = ORIENTED_EDGE ( 'NONE', *, *, #1927, .F. ) ;
#2011 = DIRECTION ( 'NONE',  ( -0.000000000000000000, -1.000000000000000000, -0.000000000000000000 ) ) ;
#2012 = DIRECTION ( 'NONE',  ( 0.000000000000000000, 0.000000000000000000, 1.000000000000000000 ) ) ;
#2013 = EDGE_CURVE ( 'NONE', #238, #3060, #2506, .T. ) ;
#2014 = PRESENTATION_STYLE_ASSIGNMENT (( #1228 ) ) ;
#2015 = EDGE_LOOP ( 'NONE', ( #2584, #1443, #3037, #1963 ) ) ;
#2016 = VERTEX_POINT ( 'NONE', #805 ) ;
#2017 = EDGE_CURVE ( 'NONE', #1840, #3375, #1355, .T. ) ;
#2018 = CARTESIAN_POINT ( 'NONE',  ( -3.673940397442057649E-17, 2.773910997119842570, -0.5999999999999998668 ) ) ;
#2019 = LINE ( 'NONE', #2776, #1966 ) ;
#2020 = CARTESIAN_POINT ( 'NONE',  ( -0.3000000000000000444, 0.01000000000000000021, -0.5999999999999998668 ) ) ;
#2021 = CARTESIAN_POINT ( 'NONE',  ( 1.600000000000000311, 0.000000000000000000, -1.050000000000000044 ) ) ;
#2022 = EDGE_LOOP ( 'NONE', ( #1363, #3268, #3256, #1725 ) ) ;
#2023 = CARTESIAN_POINT ( 'NONE',  ( 1.600000000000000311, 0.4899999999999999911, 1.349999999999998312 ) ) ;
#2024 = ORIENTED_EDGE ( 'NONE', *, *, #3558, .T. ) ;
#2025 = EDGE_CURVE ( 'NONE', #1171, #2038, #2468, .T. ) ;
#2026 = VECTOR ( 'NONE', #3652, 1000.000000000000000 ) ;
#2027 = ORIENTED_EDGE ( 'NONE', *, *, #345, .T. ) ;
#2028 = ORIENTED_EDGE ( 'NONE', *, *, #907, .T. ) ;
#2029 = CARTESIAN_POINT ( 'NONE',  ( 0.000000000000000000, 0.000000000000000000, 1.350000000000000089 ) ) ;
#2030 = DIRECTION ( 'NONE',  ( 0.000000000000000000, 1.000000000000000000, 0.000000000000000000 ) ) ;
#2031 = CARTESIAN_POINT ( 'NONE',  ( -0.2999999999999999889, 0.01000000000000002623, -0.8999999999999998002 ) ) ;
#2032 = AXIS2_PLACEMENT_3D ( 'NONE', #580, #892, #2844 ) ;
#2033 = LINE ( 'NONE', #2420, #2065 ) ;
#2034 = VERTEX_POINT ( 'NONE', #3360 ) ;
#2035 = EDGE_LOOP ( 'NONE', ( #307, #2675, #1111, #332 ) ) ;
#2036 =( NAMED_UNIT ( * ) PLANE_ANGLE_UNIT ( ) SI_UNIT ( $, .RADIAN. ) );
#2037 = AXIS2_PLACEMENT_3D ( 'NONE', #438, #1490, #1515 ) ;
#2038 = VERTEX_POINT ( 'NONE', #3281 ) ;
#2039 = ORIENTED_EDGE ( 'NONE', *, *, #620, .F. ) ;
#2040 = CARTESIAN_POINT ( 'NONE',  ( -1.600000000000000089, 0.4899999999999999911, -0.7500000000000000000 ) ) ;
#2041 = VECTOR ( 'NONE', #2650, 1000.000000000000000 ) ;
#2042 = CARTESIAN_POINT ( 'NONE',  ( 0.9000000000000009104, 0.4899999999999999911, 1.299999999999998046 ) ) ;
#2043 = CARTESIAN_POINT ( 'NONE',  ( -1.000000000000000000, 0.4899999999999999911, 0.2499999999999994726 ) ) ;
#2044 = ORIENTED_EDGE ( 'NONE', *, *, #1648, .T. ) ;
#2045 = AXIS2_PLACEMENT_3D ( 'NONE', #3424, #59, #3122 ) ;
#2046 = CARTESIAN_POINT ( 'NONE',  ( 1.600000000000000311, 0.000000000000000000, -1.300000000000000266 ) ) ;
#2047 = ORIENTED_EDGE ( 'NONE', *, *, #3153, .F. ) ;
#2048 = VECTOR ( 'NONE', #718, 1000.000000000000000 ) ;
#2049 = VERTEX_POINT ( 'NONE', #103 ) ;
#2050 = ORIENTED_EDGE ( 'NONE', *, *, #2637, .T. ) ;
#2051 = EDGE_CURVE ( 'NONE', #2425, #2667, #2517, .T. ) ;
#2052 = DIRECTION ( 'NONE',  ( 0.000000000000000000, 0.000000000000000000, 1.000000000000000000 ) ) ;
#2053 = CARTESIAN_POINT ( 'NONE',  ( -1.000000000000000000, 0.4899999999999999911, -1.350000000000000089 ) ) ;
#2054 = CARTESIAN_POINT ( 'NONE',  ( -1.599999999999999867, 0.5000000000000000000, 1.350000000000000089 ) ) ;
#2055 = ADVANCED_FACE ( 'NONE', ( #82 ), #1437, .F. ) ;
#2056 = EDGE_CURVE ( 'NONE', #56, #210, #2660, .T. ) ;
#2057 = VECTOR ( 'NONE', #2846, 1000.000000000000000 ) ;
#2058 = ORIENTED_EDGE ( 'NONE', *, *, #1340, .F. ) ;
#2059 = ORIENTED_EDGE ( 'NONE', *, *, #1371, .F. ) ;
#2060 = DIRECTION ( 'NONE',  ( -1.000000000000000000, -0.000000000000000000, 5.421010862427520198E-16 ) ) ;
#2061 = EDGE_CURVE ( 'NONE', #848, #1053, #2640, .T. ) ;
#2062 = LINE ( 'NONE', #2043, #1960 ) ;
#2063 = EDGE_LOOP ( 'NONE', ( #1068, #3526, #2625, #14, #909, #3500 ) ) ;
#2064 = EDGE_LOOP ( 'NONE', ( #2268, #2593, #1374, #145 ) ) ;
#2065 = VECTOR ( 'NONE', #3274, 1000.000000000000000 ) ;
#2066 = VERTEX_POINT ( 'NONE', #2263 ) ;
#2067 = ORIENTED_EDGE ( 'NONE', *, *, #4, .F. ) ;
#2068 = DIRECTION ( 'NONE',  ( 0.000000000000000000, -0.000000000000000000, -1.000000000000000000 ) ) ;
#2069 = VECTOR ( 'NONE', #2674, 1000.000000000000000 ) ;
#2070 = EDGE_LOOP ( 'NONE', ( #2129, #2449, #749, #1730, #3216, #2949 ) ) ;
#2071 = VERTEX_POINT ( 'NONE', #1099 ) ;
#2072 = CARTESIAN_POINT ( 'NONE',  ( -1.600000000000000533, 0.4899999999999999911, 1.299999999999999378 ) ) ;
#2073 = AXIS2_PLACEMENT_3D ( 'NONE', #1685, #3087, #3422 ) ;
#2074 = CARTESIAN_POINT ( 'NONE',  ( 1.600000000000000311, 0.4899999999999999911, 1.349999999999998312 ) ) ;
#2075 = DIRECTION ( 'NONE',  ( 1.000000000000000000, 0.000000000000000000, -6.195440985631454331E-16 ) ) ;
#2076 = VECTOR ( 'NONE', #1822, 1000.000000000000000 ) ;
#2077 = ORIENTED_EDGE ( 'NONE', *, *, #2827, .F. ) ;
#2078 = ORIENTED_EDGE ( 'NONE', *, *, #2696, .F. ) ;
#2079 = AXIS2_PLACEMENT_3D ( 'NONE', #1399, #2512, #2742 ) ;
#2080 = ADVANCED_FACE ( 'NONE', ( #1428 ), #3099, .F. ) ;
#2081 = PLANE ( 'NONE',  #378 ) ;
#2082 = PLANE ( 'NONE',  #1542 ) ;
#2083 = DIRECTION ( 'NONE',  ( 0.000000000000000000, -1.000000000000000000, 0.000000000000000000 ) ) ;
#2084 = VECTOR ( 'NONE', #1417, 1000.000000000000000 ) ;
#2085 = VERTEX_POINT ( 'NONE', #325 ) ;
#2086 = ORIENTED_EDGE ( 'NONE', *, *, #3259, .F. ) ;
#2087 = EDGE_CURVE ( 'NONE', #1119, #1379, #2684, .T. ) ;
#2088 = CARTESIAN_POINT ( 'NONE',  ( 1.000000000000000444, 0.4899999999999999911, 1.299999999999998046 ) ) ;
#2089 = FACE_OUTER_BOUND ( 'NONE', #1014, .T. ) ;
#2090 = CARTESIAN_POINT ( 'NONE',  ( 1.599999999999999867, 0.4899999999999999911, -0.2500000000000004441 ) ) ;
#2091 = EDGE_LOOP ( 'NONE', ( #3464, #2312, #1587, #1839 ) ) ;
#2092 = DIRECTION ( 'NONE',  ( 0.000000000000000000, -0.000000000000000000, 1.000000000000000000 ) ) ;
#2093 = VERTEX_POINT ( 'NONE', #2505 ) ;
#2094 = EDGE_CURVE ( 'NONE', #2392, #2264, #1382, .T. ) ;
#2095 = CARTESIAN_POINT ( 'NONE',  ( 0.9000000000000009104, 0.4899999999999999911, 1.299999999999998046 ) ) ;
#2096 = ORIENTED_EDGE ( 'NONE', *, *, #1715, .T. ) ;
#2097 = ORIENTED_EDGE ( 'NONE', *, *, #1380, .F. ) ;
#2098 = EDGE_CURVE ( 'NONE', #2264, #835, #2627, .T. ) ;
#2099 = CARTESIAN_POINT ( 'NONE',  ( 1.000000000000000444, -2.275863337187866264, -1.350000000000000089 ) ) ;
#2100 = CARTESIAN_POINT ( 'NONE',  ( 1.000000000000000444, 0.4899999999999999911, -1.350000000000000089 ) ) ;
#2101 = DIRECTION ( 'NONE',  ( 1.000000000000000000, -0.000000000000000000, 6.195440985631454331E-16 ) ) ;
#2102 = CARTESIAN_POINT ( 'NONE',  ( -1.600000000000000089, 0.4899999999999999911, -0.7500000000000000000 ) ) ;
#2103 = VERTEX_POINT ( 'NONE', #2307 ) ;
#2104 = ORIENTED_EDGE ( 'NONE', *, *, #123, .F. ) ;
#2105 = EDGE_CURVE ( 'NONE', #3180, #2585, #185, .T. ) ;
#2106 = DIRECTION ( 'NONE',  ( 0.000000000000000000, -0.000000000000000000, -1.000000000000000000 ) ) ;
#2107 = PLANE ( 'NONE',  #2504 ) ;
#2108 = FACE_OUTER_BOUND ( 'NONE', #748, .T. ) ;
#2109 = ORIENTED_EDGE ( 'NONE', *, *, #2784, .T. ) ;
#2110 = EDGE_LOOP ( 'NONE', ( #1233, #3402, #3377, #2478, #36, #681 ) ) ;
#2111 = ADVANCED_FACE ( 'NONE', ( #257 ), #1740, .T. ) ;
#2112 = DIRECTION ( 'NONE',  ( 0.000000000000000000, 1.000000000000000000, 0.000000000000000000 ) ) ;
#2113 = DIRECTION ( 'NONE',  ( -0.000000000000000000, 0.000000000000000000, -1.000000000000000000 ) ) ;
#2114 = LINE ( 'NONE', #1143, #3380 ) ;
#2115 = DIRECTION ( 'NONE',  ( 1.000000000000000000, 0.000000000000000000, 1.807003620809174632E-16 ) ) ;
#2116 = VERTEX_POINT ( 'NONE', #3161 ) ;
#2117 = PLANE ( 'NONE',  #2377 ) ;
#2118 = EDGE_LOOP ( 'NONE', ( #559, #136, #861, #3102, #1827, #2028 ) ) ;
#2119 = CARTESIAN_POINT ( 'NONE',  ( -0.8942038115749207927, 1.099999999999999867, -3.438061301782110224 ) ) ;
#2120 = AXIS2_PLACEMENT_3D ( 'NONE', #2809, #253, #1123 ) ;
#2121 = LINE ( 'NONE', #365, #2169 ) ;
#2122 = ORIENTED_EDGE ( 'NONE', *, *, #2830, .T. ) ;
#2123 = ORIENTED_EDGE ( 'NONE', *, *, #3515, .T. ) ;
#2124 = PLANE ( 'NONE',  #2223 ) ;
#2125 = DIRECTION ( 'NONE',  ( 0.000000000000000000, 0.000000000000000000, -1.000000000000000000 ) ) ;
#2126 = DIRECTION ( 'NONE',  ( -4.018540298315434880E-17, -0.000000000000000000, 1.000000000000000000 ) ) ;
#2127 = CARTESIAN_POINT ( 'NONE',  ( -1.000000000000000000, 0.4899999999999999911, -1.350000000000000089 ) ) ;
#2128 = VECTOR ( 'NONE', #2115, 1000.000000000000000 ) ;
#2129 = ORIENTED_EDGE ( 'NONE', *, *, #2009, .T. ) ;
#2130 = AXIS2_PLACEMENT_3D ( 'NONE', #1346, #1627, #1933 ) ;
#2131 = ORIENTED_EDGE ( 'NONE', *, *, #424, .F. ) ;
#2132 = CARTESIAN_POINT ( 'NONE',  ( 1.000000000000000000, 0.5000000000000000000, -0.2500000000000005551 ) ) ;
#2133 = DIRECTION ( 'NONE',  ( -0.9848077530122080203, 0.1736481776669308308, 0.000000000000000000 ) ) ;
#2134 = VECTOR ( 'NONE', #1785, 1000.000000000000000 ) ;
#2135 = ORIENTED_EDGE ( 'NONE', *, *, #311, .T. ) ;
#2136 = ORIENTED_EDGE ( 'NONE', *, *, #2324, .F. ) ;
#2137 = CARTESIAN_POINT ( 'NONE',  ( 0.9000000000000003553, 0.4899999999999999911, -1.300000000000000266 ) ) ;
#2138 = VECTOR ( 'NONE', #878, 1000.000000000000000 ) ;
#2139 = VERTEX_POINT ( 'NONE', #3640 ) ;
#2140 = CARTESIAN_POINT ( 'NONE',  ( 1.000000000000000000, 0.5000000000000000000, -3.438061301782110224 ) ) ;
#2141 = ORIENTED_EDGE ( 'NONE', *, *, #2105, .F. ) ;
#2142 = EDGE_CURVE ( 'NONE', #2376, #2425, #226, .T. ) ;
#2143 = ADVANCED_FACE ( 'NONE', ( #2622 ), #567, .T. ) ;
#2144 = EDGE_CURVE ( 'NONE', #1414, #1353, #206, .T. ) ;
#2145 = ORIENTED_EDGE ( 'NONE', *, *, #3115, .T. ) ;
#2146 = VERTEX_POINT ( 'NONE', #1692 ) ;
#2147 = CARTESIAN_POINT ( 'NONE',  ( -1.399999999999999689, 0.5000000000000000000, -0.2500000000000005551 ) ) ;
#2148 = CARTESIAN_POINT ( 'NONE',  ( 1.000000000000000444, 0.4899999999999999911, -1.350000000000000089 ) ) ;
#2149 = CARTESIAN_POINT ( 'NONE',  ( -1.599999999999999867, 0.4899999999999999911, -0.2000000000000000389 ) ) ;
#2150 = APPLICATION_CONTEXT ( 'automotive_design' ) ;
#2151 = ADVANCED_FACE ( 'NONE', ( #1412 ), #1958, .T. ) ;
#2152 = LINE ( 'NONE', #3407, #3356 ) ;
#2153 = EDGE_CURVE ( 'NONE', #247, #3568, #2613, .T. ) ;
#2154 = ORIENTED_EDGE ( 'NONE', *, *, #2476, .F. ) ;
#2155 = ORIENTED_EDGE ( 'NONE', *, *, #304, .F. ) ;
#2156 = DIRECTION ( 'NONE',  ( 1.000000000000000000, 0.000000000000000000, -7.744301232039317914E-17 ) ) ;
#2157 = DIRECTION ( 'NONE',  ( -0.000000000000000000, -0.000000000000000000, -1.000000000000000000 ) ) ;
#2158 = LINE ( 'NONE', #1190, #2076 ) ;
#2159 = ORIENTED_EDGE ( 'NONE', *, *, #2310, .T. ) ;
#2160 = ORIENTED_EDGE ( 'NONE', *, *, #178, .F. ) ;
#2161 = UNCERTAINTY_MEASURE_WITH_UNIT (LENGTH_MEASURE( 1.000000000000000082E-05 ), #3518, 'distance_accuracy_value', 'NONE');
#2162 = CARTESIAN_POINT ( 'NONE',  ( -1.399999999999999689, -0.5916653826391929938, -0.2500000000000005551 ) ) ;
#2163 = LINE ( 'NONE', #2480, #3420 ) ;
#2164 = DIRECTION ( 'NONE',  ( -0.000000000000000000, -1.000000000000000000, -0.000000000000000000 ) ) ;
#2165 = ORIENTED_EDGE ( 'NONE', *, *, #2153, .F. ) ;
#2166 = CARTESIAN_POINT ( 'NONE',  ( 1.000000000000000444, 0.4899999999999999911, -1.350000000000000089 ) ) ;
#2167 = ORIENTED_EDGE ( 'NONE', *, *, #22, .T. ) ;
#2168 = CARTESIAN_POINT ( 'NONE',  ( 0.2999999999999998779, 2.773910997119842570, 1.349000000000000199 ) ) ;
#2169 = VECTOR ( 'NONE', #2164, 1000.000000000000000 ) ;
#2170 = ORIENTED_EDGE ( 'NONE', *, *, #1508, .T. ) ;
#2171 = ORIENTED_EDGE ( 'NONE', *, *, #3089, .F. ) ;
#2172 =( NAMED_UNIT ( * ) SI_UNIT ( $, .STERADIAN. ) SOLID_ANGLE_UNIT ( ) );
#2173 = DIRECTION ( 'NONE',  ( 1.000000000000000000, 0.000000000000000000, -7.744301232039317914E-17 ) ) ;
#2174 = CARTESIAN_POINT ( 'NONE',  ( -1.000000000000000000, 0.4899999999999999911, 0.2499999999999994726 ) ) ;
#2175 = AXIS2_PLACEMENT_3D ( 'NONE', #286, #653, #1426 ) ;
#2176 = DIRECTION ( 'NONE',  ( 0.000000000000000000, 1.000000000000000000, 0.000000000000000000 ) ) ;
#2177 = LINE ( 'NONE', #3599, #3410 ) ;
#2178 = VERTEX_POINT ( 'NONE', #1984 ) ;
#2179 = ORIENTED_EDGE ( 'NONE', *, *, #1762, .F. ) ;
#2180 = DIRECTION ( 'NONE',  ( 0.000000000000000000, 1.000000000000000000, 0.000000000000000000 ) ) ;
#2181 = DIRECTION ( 'NONE',  ( -1.000000000000000000, 0.000000000000000000, 0.000000000000000000 ) ) ;
#2182 = EDGE_CURVE ( 'NONE', #621, #1245, #2583, .T. ) ;
#2183 = CARTESIAN_POINT ( 'NONE',  ( 1.000000000000000000, 0.4899999999999999911, 0.2499999999999994726 ) ) ;
#2184 = LINE ( 'NONE', #2572, #3416 ) ;
#2185 = ORIENTED_EDGE ( 'NONE', *, *, #2275, .T. ) ;
#2186 = EDGE_CURVE ( 'NONE', #3555, #1245, #174, .T. ) ;
#2187 = CARTESIAN_POINT ( 'NONE',  ( -1.599999999999999867, 0.5000000000000000000, -0.4500000000000001776 ) ) ;
#2188 = EDGE_CURVE ( 'NONE', #2508, #729, #2633, .T. ) ;
#2189 = VECTOR ( 'NONE', #1034, 1000.000000000000000 ) ;
#2190 = PLANE ( 'NONE',  #3240 ) ;
#2191 = DIRECTION ( 'NONE',  ( -5.913830031739114557E-16, -0.000000000000000000, 1.000000000000000000 ) ) ;
#2192 = ORIENTED_EDGE ( 'NONE', *, *, #2653, .F. ) ;
#2193 = CARTESIAN_POINT ( 'NONE',  ( 0.9000000000000009104, 0.000000000000000000, 1.299999999999998046 ) ) ;
#2194 = EDGE_CURVE ( 'NONE', #1818, #976, #246, .T. ) ;
#2195 = EDGE_LOOP ( 'NONE', ( #1564, #1291, #2899, #3104 ) ) ;
#2196 = DIRECTION ( 'NONE',  ( 0.000000000000000000, -0.000000000000000000, 1.000000000000000000 ) ) ;
#2197 = LINE ( 'NONE', #430, #2189 ) ;
#2198 = ORIENTED_EDGE ( 'NONE', *, *, #3636, .T. ) ;
#2199 = ORIENTED_EDGE ( 'NONE', *, *, #1549, .T. ) ;
#2200 = FILL_AREA_STYLE ('',( #161 ) ) ;
#2201 = CARTESIAN_POINT ( 'NONE',  ( -1.000000000000000000, 0.4899999999999999911, 1.350000000000000089 ) ) ;
#2202 = EDGE_CURVE ( 'NONE', #2178, #315, #143, .T. ) ;
#2203 = SURFACE_STYLE_USAGE ( .BOTH. , #1045 ) ;
#2204 = VECTOR ( 'NONE', #251, 1000.000000000000000 ) ;
#2205 = VERTEX_POINT ( 'NONE', #1168 ) ;
#2206 = ORIENTED_EDGE ( 'NONE', *, *, #998, .F. ) ;
#2207 = ADVANCED_FACE ( 'NONE', ( #2677 ), #300, .F. ) ;
#2208 = CARTESIAN_POINT ( 'NONE',  ( 1.600000000000000311, 0.5000000000000000000, 1.350000000000000089 ) ) ;
#2209 = PLANE ( 'NONE',  #1624 ) ;
#2210 = DIRECTION ( 'NONE',  ( -0.7071067811865512365, 0.000000000000000000, 0.7071067811865439090 ) ) ;
#2211 = AXIS2_PLACEMENT_3D ( 'NONE', #2999, #2250, #3343 ) ;
#2212 = FACE_OUTER_BOUND ( 'NONE', #899, .T. ) ;
#2213 = ORIENTED_EDGE ( 'NONE', *, *, #256, .F. ) ;
#2214 = LINE ( 'NONE', #97, #3 ) ;
#2215 = CARTESIAN_POINT ( 'NONE',  ( 0.9000000000000003553, 0.000000000000000000, 0.1999999999999987343 ) ) ;
#2216 = AXIS2_PLACEMENT_3D ( 'NONE', #2726, #1072, #2255 ) ;
#2217 = DIRECTION ( 'NONE',  ( 1.000000000000000000, 0.000000000000000000, -6.195440985631454331E-16 ) ) ;
#2218 = VERTEX_POINT ( 'NONE', #2411 ) ;
#2219 = CARTESIAN_POINT ( 'NONE',  ( -0.3000000000000000444, 0.000000000000000000, -0.5999999999999998668 ) ) ;
#2220 = DIRECTION ( 'NONE',  ( 1.807003620809174632E-16, -0.000000000000000000, -1.000000000000000000 ) ) ;
#2221 = VECTOR ( 'NONE', #2741, 1000.000000000000000 ) ;
#2222 = EDGE_LOOP ( 'NONE', ( #2171, #823, #2600, #3260 ) ) ;
#2223 = AXIS2_PLACEMENT_3D ( 'NONE', #2029, #137, #645 ) ;
#2224 = DIRECTION ( 'NONE',  ( 0.000000000000000000, 0.000000000000000000, -1.000000000000000000 ) ) ;
#2225 = PLANE ( 'NONE',  #1843 ) ;
#2226 = CARTESIAN_POINT ( 'NONE',  ( 0.000000000000000000, 0.01000000000000000021, 1.349000000000000199 ) ) ;
#2227 = VERTEX_POINT ( 'NONE', #89 ) ;
#2228 = EDGE_CURVE ( 'NONE', #3448, #228, #2591, .T. ) ;
#2229 = CARTESIAN_POINT ( 'NONE',  ( -1.600000000000000089, 0.4899999999999999911, -0.7500000000000000000 ) ) ;
#2230 = CARTESIAN_POINT ( 'NONE',  ( -1.600000000000000533, 0.4899999999999999911, 0.7499999999999991118 ) ) ;
#2231 = DIRECTION ( 'NONE',  ( 0.000000000000000000, -0.000000000000000000, -1.000000000000000000 ) ) ;
#2232 = DIRECTION ( 'NONE',  ( 0.000000000000000000, 0.000000000000000000, 1.000000000000000000 ) ) ;
#2233 = EDGE_CURVE ( 'NONE', #423, #2667, #2671, .T. ) ;
#2234 = LINE ( 'NONE', #738, #3463 ) ;
#2235 = MANIFOLD_SOLID_BREP ( 'Cut-Extrude6', #3112 ) ;
#2236 = VERTEX_POINT ( 'NONE', #3497 ) ;
#2237 = EDGE_LOOP ( 'NONE', ( #1981, #954, #1444, #3345, #3489, #2154 ) ) ;
#2238 = ADVANCED_FACE ( 'NONE', ( #1422 ), #1824, .T. ) ;
#2239 = CARTESIAN_POINT ( 'NONE',  ( -1.000000000000000000, 0.5000000000000000000, 1.350000000000000089 ) ) ;
#2240 = LINE ( 'NONE', #3023, #2221 ) ;
#2241 = EDGE_CURVE ( 'NONE', #3547, #3324, #2609, .T. ) ;
#2242 = DIRECTION ( 'NONE',  ( 1.000000000000000000, 0.000000000000000000, 0.000000000000000000 ) ) ;
#2243 = VERTEX_POINT ( 'NONE', #739 ) ;
#2244 = DIRECTION ( 'NONE',  ( -0.000000000000000000, -1.000000000000000000, -0.000000000000000000 ) ) ;
#2245 = EDGE_LOOP ( 'NONE', ( #2624, #3019, #254, #2642 ) ) ;
#2246 = CARTESIAN_POINT ( 'NONE',  ( -0.9000000000000004663, 0.4899999999999999911, 1.299999999999999822 ) ) ;
#2247 = ORIENTED_EDGE ( 'NONE', *, *, #172, .F. ) ;
#2248 =( LENGTH_UNIT ( ) NAMED_UNIT ( * ) SI_UNIT ( .MILLI., .METRE. ) );
#2249 = DIRECTION ( 'NONE',  ( 0.000000000000000000, -1.000000000000000000, 0.000000000000000000 ) ) ;
#2250 = DIRECTION ( 'NONE',  ( 0.000000000000000000, 0.000000000000000000, 1.000000000000000000 ) ) ;
#2251 = VECTOR ( 'NONE', #2765, 1000.000000000000000 ) ;
#2252 = ORIENTED_EDGE ( 'NONE', *, *, #2017, .T. ) ;
#2253 = CARTESIAN_POINT ( 'NONE',  ( -1.599999999999999867, 0.5000000000000000000, 0.4500000000000007327 ) ) ;
#2254 = DIRECTION ( 'NONE',  ( 0.000000000000000000, 0.000000000000000000, 1.000000000000000000 ) ) ;
#2255 = DIRECTION ( 'NONE',  ( 0.000000000000000000, 0.000000000000000000, 1.000000000000000000 ) ) ;
#2256 = VECTOR ( 'NONE', #237, 1000.000000000000000 ) ;
#2257 = ORIENTED_EDGE ( 'NONE', *, *, #3481, .F. ) ;
#2258 = AXIS2_PLACEMENT_3D ( 'NONE', #173, #2499, #3299 ) ;
#2259 = DIRECTION ( 'NONE',  ( 0.000000000000000000, -0.000000000000000000, 1.000000000000000000 ) ) ;
#2260 = VECTOR ( 'NONE', #2329, 1000.000000000000000 ) ;
#2261 = DIRECTION ( 'NONE',  ( 1.000000000000000000, -0.000000000000000000, 6.195440985631454331E-16 ) ) ;
#2262 = ORIENTED_EDGE ( 'NONE', *, *, #3338, .T. ) ;
#2263 = CARTESIAN_POINT ( 'NONE',  ( -1.599999999999999867, 0.000000000000000000, 0.1999999999999991784 ) ) ;
#2264 = VERTEX_POINT ( 'NONE', #1018 ) ;
#2265 = PLANE ( 'NONE',  #2295 ) ;
#2266 = EDGE_CURVE ( 'NONE', #28, #1300, #1401, .T. ) ;
#2267 = CARTESIAN_POINT ( 'NONE',  ( -0.8999999999999999112, 0.000000000000000000, -1.300000000000000266 ) ) ;
#2268 = ORIENTED_EDGE ( 'NONE', *, *, #2955, .T. ) ;
#2269 = PLANE ( 'NONE',  #3373 ) ;
#2270 = PLANE ( 'NONE',  #2079 ) ;
#2271 = CARTESIAN_POINT ( 'NONE',  ( -1.599999999999999867, -2.275863337187866264, 1.350000000000000089 ) ) ;
#2272 = EDGE_CURVE ( 'NONE', #3208, #2933, #166, .T. ) ;
#2273 = VECTOR ( 'NONE', #814, 1000.000000000000000 ) ;
#2274 = ORIENTED_EDGE ( 'NONE', *, *, #2233, .F. ) ;
#2275 = EDGE_CURVE ( 'NONE', #3143, #238, #1359, .T. ) ;
#2276 = CARTESIAN_POINT ( 'NONE',  ( 1.600000000000000533, -2.275863337187866264, -0.4500000000000007883 ) ) ;
#2277 = DIRECTION ( 'NONE',  ( -1.000000000000000000, -0.000000000000000000, -0.000000000000000000 ) ) ;
#2278 = CARTESIAN_POINT ( 'NONE',  ( -1.599999999999999867, 0.4899999999999999911, -0.2000000000000000389 ) ) ;
#2279 = FACE_OUTER_BOUND ( 'NONE', #2356, .T. ) ;
#2280 = ORIENTED_EDGE ( 'NONE', *, *, #2479, .F. ) ;
#2281 = ORIENTED_EDGE ( 'NONE', *, *, #682, .T. ) ;
#2282 = EDGE_CURVE ( 'NONE', #2610, #2794, #2577, .T. ) ;
#2283 = LINE ( 'NONE', #1495, #3510 ) ;
#2284 = CARTESIAN_POINT ( 'NONE',  ( 1.000000000000000444, 0.4899999999999999911, 1.299999999999997824 ) ) ;
#2285 = DIRECTION ( 'NONE',  ( 0.000000000000000000, -0.000000000000000000, 1.000000000000000000 ) ) ;
#2286 = EDGE_LOOP ( 'NONE', ( #1439, #1955, #2470, #2443, #3519, #15 ) ) ;
#2287 = CARTESIAN_POINT ( 'NONE',  ( 1.000000000000000444, 0.4899999999999999911, -1.350000000000000089 ) ) ;
#2288 = CARTESIAN_POINT ( 'NONE',  ( -1.399999999999999689, 0.4899999999999999911, -0.2500000000000005551 ) ) ;
#2289 = EDGE_LOOP ( 'NONE', ( #1467, #3195, #1978, #1820 ) ) ;
#2290 = ORIENTED_EDGE ( 'NONE', *, *, #2955, .F. ) ;
#2291 = CARTESIAN_POINT ( 'NONE',  ( -0.8999999999999999112, 1.793840481040530399, -0.2000000000000000944 ) ) ;
#2292 = DIRECTION ( 'NONE',  ( -1.000000000000000000, -0.000000000000000000, -0.000000000000000000 ) ) ;
#2293 = ADVANCED_FACE ( 'NONE', ( #2810 ), #2968, .F. ) ;
#2294 = LINE ( 'NONE', #2489, #3451 ) ;
#2295 = AXIS2_PLACEMENT_3D ( 'NONE', #2530, #3100, #3408 ) ;
#2296 = ORIENTED_EDGE ( 'NONE', *, *, #1715, .F. ) ;
#2297 = CARTESIAN_POINT ( 'NONE',  ( 0.9000000000000003553, 1.793840481040530399, -0.2000000000000009548 ) ) ;
#2298 = DIRECTION ( 'NONE',  ( 0.000000000000000000, 0.000000000000000000, 1.000000000000000000 ) ) ;
#2299 = CARTESIAN_POINT ( 'NONE',  ( 1.600000000000000311, 0.000000000000000000, -0.4500000000000005662 ) ) ;
#2300 = DIRECTION ( 'NONE',  ( 1.000000000000000000, -0.000000000000000000, -0.000000000000000000 ) ) ;
#2301 = COLOUR_RGB ( '',1.000000000000000000, 1.000000000000000000, 1.000000000000000000 ) ;
#2302 = ORIENTED_EDGE ( 'NONE', *, *, #1599, .F. ) ;
#2303 = ORIENTED_EDGE ( 'NONE', *, *, #1340, .T. ) ;
#2304 =( GEOMETRIC_REPRESENTATION_CONTEXT ( 3 ) GLOBAL_UNCERTAINTY_ASSIGNED_CONTEXT ( ( #1033 ) ) GLOBAL_UNIT_ASSIGNED_CONTEXT ( ( #2631, #2707, #3513 ) ) REPRESENTATION_CONTEXT ( 'NONE', 'WORKASPACE' ) );
#2305 = LINE ( 'NONE', #3390, #3492 ) ;
#2306 = DIRECTION ( 'NONE',  ( 1.807003620809174632E-16, -0.000000000000000000, -1.000000000000000000 ) ) ;
#2307 = CARTESIAN_POINT ( 'NONE',  ( -1.599999999999999867, 0.4899999999999999911, -0.2000000000000000944 ) ) ;
#2308 = ORIENTED_EDGE ( 'NONE', *, *, #2913, .T. ) ;
#2309 = DIRECTION ( 'NONE',  ( -1.000000000000000000, 0.000000000000000000, 1.885038685193462109E-17 ) ) ;
#2310 = EDGE_CURVE ( 'NONE', #1053, #1390, #1496, .T. ) ;
#2311 = LINE ( 'NONE', #3078, #2273 ) ;
#2312 = ORIENTED_EDGE ( 'NONE', *, *, #2560, .T. ) ;
#2313 = ADVANCED_FACE ( 'NONE', ( #273 ), #163, .T. ) ;
#2314 = DIRECTION ( 'NONE',  ( 0.000000000000000000, -1.000000000000000000, 0.000000000000000000 ) ) ;
#2315 = CARTESIAN_POINT ( 'NONE',  ( 1.600000000000000533, -2.275863337187866264, -0.7500000000000004441 ) ) ;
#2316 = EDGE_CURVE ( 'NONE', #3580, #2016, #1585, .T. ) ;
#2317 = LINE ( 'NONE', #436, #1021 ) ;
#2318 = EDGE_CURVE ( 'NONE', #2264, #2334, #282, .T. ) ;
#2319 = ORIENTED_EDGE ( 'NONE', *, *, #2390, .F. ) ;
#2320 = PLANE ( 'NONE',  #1352 ) ;
#2321 = CARTESIAN_POINT ( 'NONE',  ( 0.9000000000000003553, 0.4899999999999999911, 0.1999999999999987343 ) ) ;
#2322 = DIRECTION ( 'NONE',  ( 0.000000000000000000, 1.000000000000000000, 0.000000000000000000 ) ) ;
#2323 = VECTOR ( 'NONE', #2052, 1000.000000000000000 ) ;
#2324 = EDGE_CURVE ( 'NONE', #1316, #3060, #2820, .T. ) ;
#2325 = ORIENTED_EDGE ( 'NONE', *, *, #2202, .F. ) ;
#2326 = DIRECTION ( 'NONE',  ( -1.000000000000000000, 0.000000000000000000, -6.195440985631454331E-16 ) ) ;
#2327 = DIRECTION ( 'NONE',  ( -0.000000000000000000, 1.000000000000000000, -0.000000000000000000 ) ) ;
#2328 = LINE ( 'NONE', #2435, #3474 ) ;
#2329 = DIRECTION ( 'NONE',  ( 0.000000000000000000, 0.000000000000000000, -1.000000000000000000 ) ) ;
#2330 = ORIENTED_EDGE ( 'NONE', *, *, #2186, .T. ) ;
#2331 = CARTESIAN_POINT ( 'NONE',  ( -1.600000000000000089, 0.4899999999999999911, -0.7500000000000000000 ) ) ;
#2332 = EDGE_LOOP ( 'NONE', ( #1024, #1082, #2303, #2557 ) ) ;
#2333 = CARTESIAN_POINT ( 'NONE',  ( -0.9000000000000004663, 0.000000000000000000, 1.299999999999999822 ) ) ;
#2334 = VERTEX_POINT ( 'NONE', #2895 ) ;
#2335 = CARTESIAN_POINT ( 'NONE',  ( 0.2999999999999999889, 0.01000000000000002623, -1.349000000000000199 ) ) ;
#2336 = DIRECTION ( 'NONE',  ( 0.000000000000000000, -1.000000000000000000, 0.000000000000000000 ) ) ;
#2337 = SURFACE_STYLE_USAGE ( .BOTH. , #980 ) ;
#2338 = AXIS2_PLACEMENT_3D ( 'NONE', #1219, #1002, #1264 ) ;
#2339 = LINE ( 'NONE', #2702, #2366 ) ;
#2340 = VERTEX_POINT ( 'NONE', #1234 ) ;
#2341 = ADVANCED_FACE ( 'NONE', ( #1531 ), #3521, .F. ) ;
#2342 = CARTESIAN_POINT ( 'NONE',  ( -1.599999999999999867, 1.793840481040530399, 0.1999999999999991784 ) ) ;
#2343 = DIRECTION ( 'NONE',  ( -0.7071067811865439090, 0.000000000000000000, -0.7071067811865512365 ) ) ;
#2344 = AXIS2_PLACEMENT_3D ( 'NONE', #821, #1523, #147 ) ;
#2345 = CARTESIAN_POINT ( 'NONE',  ( -1.000000000000000000, 0.5000000000000000000, -3.438061301782110224 ) ) ;
#2346 = VECTOR ( 'NONE', #1779, 1000.000000000000000 ) ;
#2347 = CLOSED_SHELL ( 'NONE', ( #375, #2238, #2313, #529, #912, #2, #1942, #2368, #2834, #3269, #3334, #1185, #1388 ) ) ;
#2348 = EDGE_CURVE ( 'NONE', #284, #2227, #2755, .T. ) ;
#2349 = VECTOR ( 'NONE', #2083, 1000.000000000000000 ) ;
#2350 = CARTESIAN_POINT ( 'NONE',  ( 1.600000000000000311, 0.4899999999999999911, -1.350000000000000089 ) ) ;
#2351 = CARTESIAN_POINT ( 'NONE',  ( -1.000000000000000000, -0.5916653826391929938, 0.2499999999999994726 ) ) ;
#2352 = ORIENTED_EDGE ( 'NONE', *, *, #1962, .F. ) ;
#2353 = EDGE_CURVE ( 'NONE', #25, #2139, #372, .T. ) ;
#2354 = ORIENTED_EDGE ( 'NONE', *, *, #1116, .T. ) ;
#2355 = EDGE_CURVE ( 'NONE', #160, #2507, #353, .T. ) ;
#2356 = EDGE_LOOP ( 'NONE', ( #2290, #2096, #220, #2247 ) ) ;
#2357 = CARTESIAN_POINT ( 'NONE',  ( -1.599999999999999867, 0.000000000000000000, -1.350000000000000089 ) ) ;
#2358 = CARTESIAN_POINT ( 'NONE',  ( 0.000000000000000000, 0.000000000000000000, 1.349000000000000199 ) ) ;
#2359 = EDGE_CURVE ( 'NONE', #469, #1232, #1525, .T. ) ;
#2360 = VECTOR ( 'NONE', #2157, 1000.000000000000000 ) ;
#2361 = EDGE_LOOP ( 'NONE', ( #3358, #2252, #1112, #2296 ) ) ;
#2362 = DIRECTION ( 'NONE',  ( -0.7071067811865512365, 0.000000000000000000, 0.7071067811865439090 ) ) ;
#2363 = DIRECTION ( 'NONE',  ( 0.000000000000000000, 0.000000000000000000, -1.000000000000000000 ) ) ;
#2364 = DIRECTION ( 'NONE',  ( 1.000000000000000000, -0.000000000000000000, 3.614007241618348278E-16 ) ) ;
#2365 = DIRECTION ( 'NONE',  ( 1.000000000000000000, 0.000000000000000000, -0.000000000000000000 ) ) ;
#2366 = VECTOR ( 'NONE', #197, 1000.000000000000000 ) ;
#2367 = ORIENTED_EDGE ( 'NONE', *, *, #3166, .F. ) ;
#2368 = ADVANCED_FACE ( 'NONE', ( #1604 ), #3025, .F. ) ;
#2369 = VECTOR ( 'NONE', #1620, 1000.000000000000000 ) ;
#2370 = CARTESIAN_POINT ( 'NONE',  ( -1.000000000000000000, 0.5000000000000000000, -0.6499999999999960254 ) ) ;
#2371 = AXIS2_PLACEMENT_3D ( 'NONE', #1657, #3606, #816 ) ;
#2372 = ORIENTED_EDGE ( 'NONE', *, *, #2688, .T. ) ;
#2373 = CARTESIAN_POINT ( 'NONE',  ( 1.600000000000000977, 0.000000000000000000, 1.299999999999997602 ) ) ;
#2374 = DIRECTION ( 'NONE',  ( 0.000000000000000000, 0.000000000000000000, -1.000000000000000000 ) ) ;
#2375 = LINE ( 'NONE', #3034, #2441 ) ;
#2376 = VERTEX_POINT ( 'NONE', #2462 ) ;
#2377 = AXIS2_PLACEMENT_3D ( 'NONE', #988, #3258, #487 ) ;
#2378 = CARTESIAN_POINT ( 'NONE',  ( -1.599999999999999867, 0.5000000000000000000, -1.350000000000000089 ) ) ;
#2379 = DIRECTION ( 'NONE',  ( -1.000000000000000000, -0.000000000000000000, -0.000000000000000000 ) ) ;
#2380 = VECTOR ( 'NONE', #2754, 1000.000000000000000 ) ;
#2381 = ORIENTED_EDGE ( 'NONE', *, *, #2188, .F. ) ;
#2382 = AXIS2_PLACEMENT_3D ( 'NONE', #2099, #3496, #1212 ) ;
#2383 = CARTESIAN_POINT ( 'NONE',  ( 0.000000000000000000, 2.773910997119842570, -0.8999999999999996891 ) ) ;
#2384 = CARTESIAN_POINT ( 'NONE',  ( 1.600000000000000311, 0.000000000000000000, -1.300000000000000266 ) ) ;
#2385 = VECTOR ( 'NONE', #1575, 1000.000000000000000 ) ;
#2386 = VERTEX_POINT ( 'NONE', #3055 ) ;
#2387 = ORIENTED_EDGE ( 'NONE', *, *, #1416, .T. ) ;
#2388 = EDGE_CURVE ( 'NONE', #930, #978, #377, .T. ) ;
#2389 = FACE_OUTER_BOUND ( 'NONE', #2491, .T. ) ;
#2390 = EDGE_CURVE ( 'NONE', #3094, #2687, #2728, .T. ) ;
#2391 = CARTESIAN_POINT ( 'NONE',  ( -1.599999999999999867, 0.000000000000000000, 1.350000000000000089 ) ) ;
#2392 = VERTEX_POINT ( 'NONE', #464 ) ;
#2393 = CARTESIAN_POINT ( 'NONE',  ( -1.599999999999999867, 0.4899999999999999911, 0.1999999999999991784 ) ) ;
#2394 = ADVANCED_FACE ( 'NONE', ( #2803 ), #2270, .T. ) ;
#2395 =( NAMED_UNIT ( * ) PLANE_ANGLE_UNIT ( ) SI_UNIT ( $, .RADIAN. ) );
#2396 = VECTOR ( 'NONE', #3633, 1000.000000000000000 ) ;
#2397 = ORIENTED_EDGE ( 'NONE', *, *, #1683, .F. ) ;
#2398 = EDGE_CURVE ( 'NONE', #3495, #3291, #2772, .T. ) ;
#2399 = ORIENTED_EDGE ( 'NONE', *, *, #43, .F. ) ;
#2400 = CARTESIAN_POINT ( 'NONE',  ( 0.2999999999999998779, 0.01000000000000000021, 1.349000000000000199 ) ) ;
#2401 = CARTESIAN_POINT ( 'NONE',  ( 1.000000000000000444, 0.5000000000000000000, -1.350000000000000089 ) ) ;
#2402 = VERTEX_POINT ( 'NONE', #3111 ) ;
#2403 = DIRECTION ( 'NONE',  ( 0.000000000000000000, 1.000000000000000000, 0.000000000000000000 ) ) ;
#2404 = CARTESIAN_POINT ( 'NONE',  ( -1.599999999999999867, -2.275863337187866264, -0.4500000000000001776 ) ) ;
#2405 = CARTESIAN_POINT ( 'NONE',  ( -1.599999999999999867, 0.000000000000000000, -0.2000000000000000389 ) ) ;
#2406 = DIRECTION ( 'NONE',  ( 0.000000000000000000, 0.000000000000000000, 1.000000000000000000 ) ) ;
#2407 = LINE ( 'NONE', #3197, #3653 ) ;
#2408 = ORIENTED_EDGE ( 'NONE', *, *, #3636, .F. ) ;
#2409 = LINE ( 'NONE', #446, #3591 ) ;
#2410 = CARTESIAN_POINT ( 'NONE',  ( -0.8999999999999999112, 0.4899999999999999911, -1.300000000000000266 ) ) ;
#2411 = CARTESIAN_POINT ( 'NONE',  ( -0.8999999999999999112, 0.4899999999999999911, -0.2000000000000000944 ) ) ;
#2412 = ORIENTED_EDGE ( 'NONE', *, *, #1640, .F. ) ;
#2413 = DIRECTION ( 'NONE',  ( -0.000000000000000000, -0.000000000000000000, 1.000000000000000000 ) ) ;
#2414 = AXIS2_PLACEMENT_3D ( 'NONE', #1275, #180, #2406 ) ;
#2415 = LINE ( 'NONE', #2046, #3642 ) ;
#2416 = ORIENTED_EDGE ( 'NONE', *, *, #1004, .T. ) ;
#2417 = ADVANCED_FACE ( 'NONE', ( #2711 ), #1152, .T. ) ;
#2418 = ORIENTED_EDGE ( 'NONE', *, *, #2950, .T. ) ;
#2419 = DIRECTION ( 'NONE',  ( 1.000000000000000000, 0.000000000000000000, 6.195440985631454331E-16 ) ) ;
#2420 = CARTESIAN_POINT ( 'NONE',  ( 1.600000000000000311, 1.793840481040530399, 0.1999999999999982903 ) ) ;
#2421 = CARTESIAN_POINT ( 'NONE',  ( 1.600000000000000311, 0.000000000000000000, -0.2000000000000008993 ) ) ;
#2422 = EDGE_CURVE ( 'NONE', #125, #1368, #305, .T. ) ;
#2423 = LINE ( 'NONE', #583, #3560 ) ;
#2424 = EDGE_LOOP ( 'NONE', ( #3303, #672, #3261, #2050 ) ) ;
#2425 = VERTEX_POINT ( 'NONE', #2201 ) ;
#2426 = DIRECTION ( 'NONE',  ( -1.000000000000000000, 0.000000000000000000, -3.614007241618349264E-16 ) ) ;
#2427 = CARTESIAN_POINT ( 'NONE',  ( -0.9000000000000004663, 1.793840481040530399, 1.299999999999999822 ) ) ;
#2428 = CARTESIAN_POINT ( 'NONE',  ( 1.600000000000000311, 0.4899999999999999911, -1.350000000000000089 ) ) ;
#2429 = LINE ( 'NONE', #1337, #2385 ) ;
#2430 = EDGE_CURVE ( 'NONE', #621, #855, #367, .T. ) ;
#2431 = EDGE_LOOP ( 'NONE', ( #2699, #758, #1487, #155 ) ) ;
#2432 = EDGE_CURVE ( 'NONE', #3061, #1302, #347, .T. ) ;
#2433 = DIRECTION ( 'NONE',  ( -1.000000000000000000, 0.000000000000000000, 0.000000000000000000 ) ) ;
#2434 = LINE ( 'NONE', #2801, #2369 ) ;
#2435 = CARTESIAN_POINT ( 'NONE',  ( -0.8999999999999999112, 0.4899999999999999911, -0.2000000000000000944 ) ) ;
#2436 = DIRECTION ( 'NONE',  ( -0.7071067811865512365, -0.000000000000000000, 0.7071067811865439090 ) ) ;
#2437 = ORIENTED_EDGE ( 'NONE', *, *, #2142, .F. ) ;
#2438 = ORIENTED_EDGE ( 'NONE', *, *, #570, .F. ) ;
#2439 = CARTESIAN_POINT ( 'NONE',  ( 0.9000000000000009104, 0.4899999999999999911, 1.299999999999998046 ) ) ;
#2440 = EDGE_CURVE ( 'NONE', #976, #2066, #2761, .T. ) ;
#2441 = VECTOR ( 'NONE', #3355, 1000.000000000000000 ) ;
#2442 = EDGE_LOOP ( 'NONE', ( #765, #3239, #955, #62, #2141 ) ) ;
#2443 = ORIENTED_EDGE ( 'NONE', *, *, #822, .F. ) ;
#2444 = DIRECTION ( 'NONE',  ( 0.000000000000000000, -1.000000000000000000, 0.000000000000000000 ) ) ;
#2445 = DIRECTION ( 'NONE',  ( 0.000000000000000000, 0.000000000000000000, -1.000000000000000000 ) ) ;
#2446 = CARTESIAN_POINT ( 'NONE',  ( -0.9000000000000004663, 0.4899999999999999911, 1.299999999999999822 ) ) ;
#2447 = DIRECTION ( 'NONE',  ( -1.807003620809174632E-16, 0.000000000000000000, 1.000000000000000000 ) ) ;
#2448 = VECTOR ( 'NONE', #2962, 999.9999999999998863 ) ;
#2449 = ORIENTED_EDGE ( 'NONE', *, *, #1829, .F. ) ;
#2450 = ADVANCED_FACE ( 'NONE', ( #2828 ), #2225, .T. ) ;
#2451 = ORIENTED_EDGE ( 'NONE', *, *, #1080, .T. ) ;
#2452 = DIRECTION ( 'NONE',  ( 1.000000000000000000, -0.000000000000000000, 6.195440985631454331E-16 ) ) ;
#2453 = CARTESIAN_POINT ( 'NONE',  ( -1.399999999999999689, 0.4899999999999999911, -0.2500000000000005551 ) ) ;
#2454 = DIRECTION ( 'NONE',  ( -1.807003620809175125E-16, 0.000000000000000000, 1.000000000000000000 ) ) ;
#2455 = DIRECTION ( 'NONE',  ( 5.913830031739114557E-16, 0.000000000000000000, -1.000000000000000000 ) ) ;
#2456 = FACE_OUTER_BOUND ( 'NONE', #182, .T. ) ;
#2457 = ORIENTED_EDGE ( 'NONE', *, *, #3508, .F. ) ;
#2458 = PRODUCT_RELATED_PRODUCT_CATEGORY ( 'part', '', ( #2833 ) ) ;
#2459 = ORIENTED_EDGE ( 'NONE', *, *, #1681, .T. ) ;
#2460 = LINE ( 'NONE', #1434, #2531 ) ;
#2461 = CARTESIAN_POINT ( 'NONE',  ( 0.9000000000000003553, 0.4899999999999999911, 0.1999999999999985678 ) ) ;
#2462 = CARTESIAN_POINT ( 'NONE',  ( -1.000000000000000000, 0.4899999999999999911, 1.299999999999999600 ) ) ;
#2463 = EDGE_LOOP ( 'NONE', ( #2199, #2570, #2192, #807, #3164 ) ) ;
#2464 = DIRECTION ( 'NONE',  ( 0.000000000000000000, 0.000000000000000000, -1.000000000000000000 ) ) ;
#2465 = VERTEX_POINT ( 'NONE', #285 ) ;
#2466 = STYLED_ITEM ( 'NONE', ( #3487 ), #1345 ) ;
#2467 = DIRECTION ( 'NONE',  ( 1.000000000000000000, 0.000000000000000000, 0.000000000000000000 ) ) ;
#2468 = LINE ( 'NONE', #1078, #2448 ) ;
#2469 = ORIENTED_EDGE ( 'NONE', *, *, #1408, .T. ) ;
#2470 = ORIENTED_EDGE ( 'NONE', *, *, #3158, .T. ) ;
#2471 = PLANE ( 'NONE',  #3455 ) ;
#2472 = DIRECTION ( 'NONE',  ( -0.000000000000000000, 1.000000000000000000, 0.000000000000000000 ) ) ;
#2473 = MECHANICAL_DESIGN_GEOMETRIC_PRESENTATION_REPRESENTATION (  '', ( #1154 ), #992 ) ;
#2474 = DIRECTION ( 'NONE',  ( -1.000000000000000000, 0.000000000000000000, -0.000000000000000000 ) ) ;
#2475 = VECTOR ( 'NONE', #558, 1000.000000000000000 ) ;
#2476 = EDGE_CURVE ( 'NONE', #1411, #3568, #265, .T. ) ;
#2477 = ORIENTED_EDGE ( 'NONE', *, *, #1979, .T. ) ;
#2478 = ORIENTED_EDGE ( 'NONE', *, *, #998, .T. ) ;
#2479 = EDGE_CURVE ( 'NONE', #1886, #2386, #2778, .T. ) ;
#2480 = CARTESIAN_POINT ( 'NONE',  ( 0.2999999999999999889, 0.01000000000000000021, -1.349000000000000199 ) ) ;
#2481 = PLANE ( 'NONE',  #3538 ) ;
#2482 = LINE ( 'NONE', #2887, #69 ) ;
#2483 = EDGE_CURVE ( 'NONE', #1317, #25, #2716, .T. ) ;
#2484 = ORIENTED_EDGE ( 'NONE', *, *, #2493, .F. ) ;
#2485 = ADVANCED_FACE ( 'NONE', ( #2767 ), #2816, .T. ) ;
#2486 = VERTEX_POINT ( 'NONE', #2554 ) ;
#2487 = CARTESIAN_POINT ( 'NONE',  ( 0.9000000000000003553, 0.4899999999999999911, -1.300000000000000266 ) ) ;
#2488 = FACE_OUTER_BOUND ( 'NONE', #2361, .T. ) ;
#2489 = CARTESIAN_POINT ( 'NONE',  ( 0.8942038115749207927, 1.099999999999999867, 1.350000000000000089 ) ) ;
#2490 = CARTESIAN_POINT ( 'NONE',  ( -0.8999999999999999112, 0.4899999999999999911, -1.300000000000000266 ) ) ;
#2491 = EDGE_LOOP ( 'NONE', ( #2701, #92, #1350, #1846, #1652, #44, #1909, #730 ) ) ;
#2492 = DIRECTION ( 'NONE',  ( -1.000000000000000000, -0.000000000000000000, -0.000000000000000000 ) ) ;
#2493 = EDGE_CURVE ( 'NONE', #1414, #1019, #330, .T. ) ;
#2494 = VECTOR ( 'NONE', #2542, 1000.000000000000000 ) ;
#2495 = ORIENTED_EDGE ( 'NONE', *, *, #1116, .F. ) ;
#2496 = ORIENTED_EDGE ( 'NONE', *, *, #2316, .T. ) ;
#2497 = DIRECTION ( 'NONE',  ( 8.673617379884031528E-16, 0.000000000000000000, -1.000000000000000000 ) ) ;
#2498 = CARTESIAN_POINT ( 'NONE',  ( -0.8999999999999999112, 0.000000000000000000, -1.300000000000000266 ) ) ;
#2499 = DIRECTION ( 'NONE',  ( -6.195440985631454331E-16, 0.000000000000000000, -1.000000000000000000 ) ) ;
#2500 = LINE ( 'NONE', #3426, #2494 ) ;
#2501 = ORIENTED_EDGE ( 'NONE', *, *, #3389, .T. ) ;
#2502 = CARTESIAN_POINT ( 'NONE',  ( -1.600000000000000089, -2.275863337187866264, 0.7500000000000000000 ) ) ;
#2503 = DIRECTION ( 'NONE',  ( -0.000000000000000000, -1.000000000000000000, -0.000000000000000000 ) ) ;
#2504 = AXIS2_PLACEMENT_3D ( 'NONE', #1676, #2133, #654 ) ;
#2505 = CARTESIAN_POINT ( 'NONE',  ( -0.2999999999999999889, 0.01000000000000000021, -0.8999999999999998002 ) ) ;
#2506 = LINE ( 'NONE', #3043, #64 ) ;
#2507 = VERTEX_POINT ( 'NONE', #52 ) ;
#2508 = VERTEX_POINT ( 'NONE', #1522 ) ;
#2509 = AXIS2_PLACEMENT_3D ( 'NONE', #2838, #3222, #3503 ) ;
#2510 = VECTOR ( 'NONE', #3576, 1000.000000000000000 ) ;
#2511 = DIRECTION ( 'NONE',  ( 0.000000000000000000, -1.000000000000000000, 0.000000000000000000 ) ) ;
#2512 = DIRECTION ( 'NONE',  ( 0.000000000000000000, 1.000000000000000000, 0.000000000000000000 ) ) ;
#2513 = ORIENTED_EDGE ( 'NONE', *, *, #1451, .T. ) ;
#2514 = CARTESIAN_POINT ( 'NONE',  ( 0.9000000000000003553, 0.4899999999999999911, -1.300000000000000266 ) ) ;
#2515 = ADVANCED_FACE ( 'NONE', ( #1537 ), #2081, .F. ) ;
#2516 = ORIENTED_EDGE ( 'NONE', *, *, #1673, .T. ) ;
#2517 = LINE ( 'NONE', #388, #23 ) ;
#2518 = AXIS2_PLACEMENT_3D ( 'NONE', #2502, #802, #1076 ) ;
#2519 = ORIENTED_EDGE ( 'NONE', *, *, #1322, .T. ) ;
#2520 = ORIENTED_EDGE ( 'NONE', *, *, #2598, .F. ) ;
#2521 = PLANE ( 'NONE',  #2073 ) ;
#2522 = DIRECTION ( 'NONE',  ( 0.000000000000000000, 0.000000000000000000, 1.000000000000000000 ) ) ;
#2523 = CARTESIAN_POINT ( 'NONE',  ( 1.000000000000000000, 0.4899999999999999911, -0.2500000000000005551 ) ) ;
#2524 = EDGE_CURVE ( 'NONE', #824, #2644, #287, .T. ) ;
#2525 = VECTOR ( 'NONE', #3600, 1000.000000000000000 ) ;
#2526 = ORIENTED_EDGE ( 'NONE', *, *, #1499, .T. ) ;
#2527 = ORIENTED_EDGE ( 'NONE', *, *, #1509, .T. ) ;
#2528 = EDGE_CURVE ( 'NONE', #2085, #2605, #324, .T. ) ;
#2529 = PLANE ( 'NONE',  #1150 ) ;
#2530 = CARTESIAN_POINT ( 'NONE',  ( -1.600000000000000089, 0.4899999999999999911, -0.7500000000000000000 ) ) ;
#2531 = VECTOR ( 'NONE', #3123, 1000.000000000000000 ) ;
#2532 = EDGE_LOOP ( 'NONE', ( #3226, #2027, #2562, #2160 ) ) ;
#2533 = ORIENTED_EDGE ( 'NONE', *, *, #490, .F. ) ;
#2534 = CARTESIAN_POINT ( 'NONE',  ( -1.000000000000000000, -2.275863337187866264, -1.350000000000000089 ) ) ;
#2535 = ORIENTED_EDGE ( 'NONE', *, *, #79, .F. ) ;
#2536 = FACE_OUTER_BOUND ( 'NONE', #1560, .T. ) ;
#2537 = VERTEX_POINT ( 'NONE', #623 ) ;
#2538 = ADVANCED_FACE ( 'NONE', ( #277 ), #73, .F. ) ;
#2539 = ORIENTED_EDGE ( 'NONE', *, *, #1120, .T. ) ;
#2540 = CARTESIAN_POINT ( 'NONE',  ( 1.600000000000000311, -2.275863337187866264, -0.4500000000000006217 ) ) ;
#2541 = DIRECTION ( 'NONE',  ( 0.000000000000000000, 0.000000000000000000, 1.000000000000000000 ) ) ;
#2542 = DIRECTION ( 'NONE',  ( -4.018540298315434880E-17, -0.000000000000000000, 1.000000000000000000 ) ) ;
#2543 = LINE ( 'NONE', #454, #2553 ) ;
#2544 = VERTEX_POINT ( 'NONE', #1472 ) ;
#2545 = ORIENTED_EDGE ( 'NONE', *, *, #2739, .F. ) ;
#2546 = DIRECTION ( 'NONE',  ( 1.000000000000000000, 0.000000000000000000, 0.000000000000000000 ) ) ;
#2547 = DIRECTION ( 'NONE',  ( 1.000000000000000000, -0.000000000000000000, 6.195440985631454331E-16 ) ) ;
#2548 = CARTESIAN_POINT ( 'NONE',  ( 1.600000000000000311, 0.5000000000000000000, -1.350000000000000089 ) ) ;
#2549 = VECTOR ( 'NONE', #2708, 1000.000000000000000 ) ;
#2550 = ORIENTED_EDGE ( 'NONE', *, *, #2318, .F. ) ;
#2551 = ORIENTED_EDGE ( 'NONE', *, *, #319, .F. ) ;
#2552 = AXIS2_PLACEMENT_3D ( 'NONE', #2315, #3462, #2012 ) ;
#2553 = VECTOR ( 'NONE', #1934, 1000.000000000000000 ) ;
#2554 = CARTESIAN_POINT ( 'NONE',  ( 1.600000000000000311, 0.5000000000000000000, 1.049999999999997602 ) ) ;
#2555 = ORIENTED_EDGE ( 'NONE', *, *, #2182, .T. ) ;
#2556 = DIRECTION ( 'NONE',  ( 0.000000000000000000, 1.000000000000000000, 0.000000000000000000 ) ) ;
#2557 = ORIENTED_EDGE ( 'NONE', *, *, #3357, .T. ) ;
#2558 = EDGE_CURVE ( 'NONE', #77, #2340, #1517, .T. ) ;
#2559 = LINE ( 'NONE', #1997, #1315 ) ;
#2560 = EDGE_CURVE ( 'NONE', #2575, #1658, #294, .T. ) ;
#2561 = VERTEX_POINT ( 'NONE', #2378 ) ;
#2562 = ORIENTED_EDGE ( 'NONE', *, *, #3089, .T. ) ;
#2563 = DIRECTION ( 'NONE',  ( 0.000000000000000000, -1.000000000000000000, 0.000000000000000000 ) ) ;
#2564 = CARTESIAN_POINT ( 'NONE',  ( -1.599999999999999867, 0.5000000000000000000, 1.049999999999999378 ) ) ;
#2565 = DIRECTION ( 'NONE',  ( 0.000000000000000000, 0.000000000000000000, -1.000000000000000000 ) ) ;
#2566 = CARTESIAN_POINT ( 'NONE',  ( -1.000000000000000000, 0.5000000000000000000, -3.438061301782110224 ) ) ;
#2567 = VECTOR ( 'NONE', #2683, 1000.000000000000000 ) ;
#2568 = ORIENTED_EDGE ( 'NONE', *, *, #1561, .F. ) ;
#2569 = ADVANCED_FACE ( 'NONE', ( #1562 ), #2648, .F. ) ;
#2570 = ORIENTED_EDGE ( 'NONE', *, *, #2960, .F. ) ;
#2571 = EDGE_CURVE ( 'NONE', #2823, #1402, #1556, .T. ) ;
#2572 = CARTESIAN_POINT ( 'NONE',  ( -0.8999999999999999112, 0.4899999999999999911, -0.2000000000000000944 ) ) ;
#2573 = DIRECTION ( 'NONE',  ( 0.000000000000000000, 0.000000000000000000, 1.000000000000000000 ) ) ;
#2574 = VECTOR ( 'NONE', #3306, 1000.000000000000000 ) ;
#2575 = VERTEX_POINT ( 'NONE', #2335 ) ;
#2576 = ORIENTED_EDGE ( 'NONE', *, *, #2051, .T. ) ;
#2577 = LINE ( 'NONE', #2691, #135 ) ;
#2578 = CARTESIAN_POINT ( 'NONE',  ( 1.600000000000000311, 0.000000000000000000, -1.300000000000000266 ) ) ;
#2579 = ORIENTED_EDGE ( 'NONE', *, *, #1080, .F. ) ;
#2580 = DIRECTION ( 'NONE',  ( -0.1736481776669308308, 0.9848077530122080203, 0.000000000000000000 ) ) ;
#2581 = ORIENTED_EDGE ( 'NONE', *, *, #877, .T. ) ;
#2582 = AXIS2_PLACEMENT_3D ( 'NONE', #1146, #853, #3333 ) ;
#2583 = LINE ( 'NONE', #2596, #1432 ) ;
#2584 = ORIENTED_EDGE ( 'NONE', *, *, #310, .T. ) ;
#2585 = VERTEX_POINT ( 'NONE', #2578 ) ;
#2586 = PLANE ( 'NONE',  #1616 ) ;
#2587 = PLANE ( 'NONE',  #39 ) ;
#2588 = PLANE ( 'NONE',  #157 ) ;
#2589 = AXIS2_PLACEMENT_3D ( 'NONE', #3456, #2004, #46 ) ;
#2590 = ADVANCED_FACE ( 'NONE', ( #1581 ), #683, .F. ) ;
#2591 = LINE ( 'NONE', #2946, #2647 ) ;
#2592 = EDGE_LOOP ( 'NONE', ( #1877, #2067, #1721, #227, #1931 ) ) ;
#2593 = ORIENTED_EDGE ( 'NONE', *, *, #3597, .T. ) ;
#2594 = SURFACE_STYLE_USAGE ( .BOTH. , #1188 ) ;
#2595 = DIRECTION ( 'NONE',  ( 0.000000000000000000, 0.000000000000000000, 1.000000000000000000 ) ) ;
#2596 = CARTESIAN_POINT ( 'NONE',  ( -1.599999999999999867, 0.4899999999999999911, -1.300000000000000266 ) ) ;
#2597 = CARTESIAN_POINT ( 'NONE',  ( 0.9000000000000003553, 0.000000000000000000, -1.300000000000000266 ) ) ;
#2598 = EDGE_CURVE ( 'NONE', #2465, #3411, #299, .T. ) ;
#2599 = ORIENTED_EDGE ( 'NONE', *, *, #2316, .F. ) ;
#2600 = ORIENTED_EDGE ( 'NONE', *, *, #175, .T. ) ;
#2601 = VECTOR ( 'NONE', #1369, 1000.000000000000000 ) ;
#2602 = CARTESIAN_POINT ( 'NONE',  ( 1.599999999999999867, 0.5000000000000000000, 0.2499999999999995837 ) ) ;
#2603 = ORIENTED_EDGE ( 'NONE', *, *, #2483, .T. ) ;
#2604 = CARTESIAN_POINT ( 'NONE',  ( -1.599999999999999867, 0.4899999999999999911, 1.350000000000000089 ) ) ;
#2605 = VERTEX_POINT ( 'NONE', #956 ) ;
#2606 = EDGE_CURVE ( 'NONE', #3254, #2116, #360, .T. ) ;
#2607 = CARTESIAN_POINT ( 'NONE',  ( -0.9000000000000004663, 0.4899999999999999911, 1.299999999999999822 ) ) ;
#2608 = EDGE_CURVE ( 'NONE', #289, #2139, #2942, .T. ) ;
#2609 = LINE ( 'NONE', #3236, #2697 ) ;
#2610 = VERTEX_POINT ( 'NONE', #2602 ) ;
#2611 = ORIENTED_EDGE ( 'NONE', *, *, #172, .T. ) ;
#2612 = EDGE_CURVE ( 'NONE', #3277, #3324, #1638, .T. ) ;
#2613 = LINE ( 'NONE', #2808, #218 ) ;
#2614 = ORIENTED_EDGE ( 'NONE', *, *, #2897, .F. ) ;
#2615 = VERTEX_POINT ( 'NONE', #3438 ) ;
#2616 = DIRECTION ( 'NONE',  ( 0.000000000000000000, -0.000000000000000000, 1.000000000000000000 ) ) ;
#2617 = DIRECTION ( 'NONE',  ( -1.000000000000000000, -0.000000000000000000, 6.195440985631454331E-16 ) ) ;
#2618 = CARTESIAN_POINT ( 'NONE',  ( 1.599999999999999867, 0.5000000000000000000, -0.2500000000000004441 ) ) ;
#2619 = ADVANCED_FACE ( 'NONE', ( #463 ), #717, .F. ) ;
#2620 = ORIENTED_EDGE ( 'NONE', *, *, #2056, .T. ) ;
#2621 = VERTEX_POINT ( 'NONE', #2132 ) ;
#2622 = FACE_OUTER_BOUND ( 'NONE', #1001, .T. ) ;
#2623 = CARTESIAN_POINT ( 'NONE',  ( -0.8999999999999999112, 0.4899999999999999911, 0.1999999999999995948 ) ) ;
#2624 = ORIENTED_EDGE ( 'NONE', *, *, #264, .T. ) ;
#2625 = ORIENTED_EDGE ( 'NONE', *, *, #359, .T. ) ;
#2626 = AXIS2_PLACEMENT_3D ( 'NONE', #2230, #2472, #2750 ) ;
#2627 = LINE ( 'NONE', #828, #2666 ) ;
#2628 = EDGE_LOOP ( 'NONE', ( #1679, #3157, #61, #1331, #737 ) ) ;
#2629 = EDGE_LOOP ( 'NONE', ( #3506, #2576, #2274, #885 ) ) ;
#2630 = CARTESIAN_POINT ( 'NONE',  ( -1.000000000000000000, 0.5000000000000000000, 0.2499999999999994726 ) ) ;
#2631 =( LENGTH_UNIT ( ) NAMED_UNIT ( * ) SI_UNIT ( .MILLI., .METRE. ) );
#2632 = AXIS2_PLACEMENT_3D ( 'NONE', #1060, #2511, #1847 ) ;
#2633 = LINE ( 'NONE', #852, #153 ) ;
#2634 = ORIENTED_EDGE ( 'NONE', *, *, #3002, .T. ) ;
#2635 = ORIENTED_EDGE ( 'NONE', *, *, #2476, .T. ) ;
#2636 = CARTESIAN_POINT ( 'NONE',  ( 1.600000000000000311, 0.000000000000000000, 1.350000000000000089 ) ) ;
#2637 = EDGE_CURVE ( 'NONE', #735, #3336, #480, .T. ) ;
#2638 = CARTESIAN_POINT ( 'NONE',  ( 0.000000000000000000, 0.000000000000000000, -1.349000000000000199 ) ) ;
#2639 = CARTESIAN_POINT ( 'NONE',  ( -1.000000000000000000, 0.4899999999999999911, -1.350000000000000089 ) ) ;
#2640 = LINE ( 'NONE', #1872, #199 ) ;
#2641 = EDGE_CURVE ( 'NONE', #1245, #2544, #2924, .T. ) ;
#2642 = ORIENTED_EDGE ( 'NONE', *, *, #351, .T. ) ;
#2643 = DIRECTION ( 'NONE',  ( 1.000000000000000000, -0.000000000000000000, 0.000000000000000000 ) ) ;
#2644 = VERTEX_POINT ( 'NONE', #1383 ) ;
#2645 = EDGE_CURVE ( 'NONE', #315, #3174, #2930, .T. ) ;
#2646 = ADVANCED_FACE ( 'NONE', ( #2860 ), #2698, .T. ) ;
#2647 = VECTOR ( 'NONE', #949, 1000.000000000000000 ) ;
#2648 = PLANE ( 'NONE',  #895 ) ;
#2649 = ORIENTED_EDGE ( 'NONE', *, *, #3096, .T. ) ;
#2650 = DIRECTION ( 'NONE',  ( 1.000000000000000000, -0.000000000000000000, 0.000000000000000000 ) ) ;
#2651 = VERTEX_POINT ( 'NONE', #2722 ) ;
#2652 = DIRECTION ( 'NONE',  ( 1.000000000000000000, 0.000000000000000000, 0.000000000000000000 ) ) ;
#2653 = EDGE_CURVE ( 'NONE', #3297, #3572, #2839, .T. ) ;
#2654 = ORIENTED_EDGE ( 'NONE', *, *, #2991, .F. ) ;
#2655 = ADVANCED_FACE ( 'NONE', ( #2842 ), #1025, .F. ) ;
#2656 = VERTEX_POINT ( 'NONE', #1310 ) ;
#2657 = EDGE_CURVE ( 'NONE', #1277, #1546, #420, .T. ) ;
#2658 = DIRECTION ( 'NONE',  ( -0.000000000000000000, -1.000000000000000000, -0.000000000000000000 ) ) ;
#2659 = CARTESIAN_POINT ( 'NONE',  ( 0.2999999999999999889, 2.773910997119842570, -1.349000000000000199 ) ) ;
#2660 = LINE ( 'NONE', #1297, #235 ) ;
#2661 = ORIENTED_EDGE ( 'NONE', *, *, #1172, .F. ) ;
#2662 = ORIENTED_EDGE ( 'NONE', *, *, #3159, .T. ) ;
#2663 = DIRECTION ( 'NONE',  ( 0.000000000000000000, 0.000000000000000000, 1.000000000000000000 ) ) ;
#2664 = AXIS2_PLACEMENT_3D ( 'NONE', #2054, #3186, #3213 ) ;
#2665 = DIRECTION ( 'NONE',  ( 1.000000000000000000, 0.000000000000000000, -0.000000000000000000 ) ) ;
#2666 = VECTOR ( 'NONE', #2030, 1000.000000000000000 ) ;
#2667 = VERTEX_POINT ( 'NONE', #1336 ) ;
#2668 =( NAMED_UNIT ( * ) SI_UNIT ( $, .STERADIAN. ) SOLID_ANGLE_UNIT ( ) );
#2669 = ORIENTED_EDGE ( 'NONE', *, *, #1295, .F. ) ;
#2670 = PRESENTATION_LAYER_ASSIGNMENT (  '', '', ( #2889 ) ) ;
#2671 = LINE ( 'NONE', #1566, #240 ) ;
#2672 = DIRECTION ( 'NONE',  ( -1.000000000000000000, -0.000000000000000000, 5.421010862427520198E-16 ) ) ;
#2673 = ORIENTED_EDGE ( 'NONE', *, *, #736, .T. ) ;
#2674 = DIRECTION ( 'NONE',  ( -0.000000000000000000, -1.000000000000000000, -0.000000000000000000 ) ) ;
#2675 = ORIENTED_EDGE ( 'NONE', *, *, #2612, .T. ) ;
#2676 = CARTESIAN_POINT ( 'NONE',  ( -3.673940397442057649E-17, 0.01000000000000002623, -0.5999999999999998668 ) ) ;
#2677 = FACE_OUTER_BOUND ( 'NONE', #590, .T. ) ;
#2678 = AXIS2_PLACEMENT_3D ( 'NONE', #3563, #3645, #2714 ) ;
#2679 = DIRECTION ( 'NONE',  ( 1.000000000000000000, 0.000000000000000000, -0.000000000000000000 ) ) ;
#2680 = ORIENTED_EDGE ( 'NONE', *, *, #639, .T. ) ;
#2681 = ORIENTED_EDGE ( 'NONE', *, *, #2390, .T. ) ;
#2682 = FILL_AREA_STYLE_COLOUR ( '', #784 ) ;
#2683 = DIRECTION ( 'NONE',  ( -0.000000000000000000, -0.000000000000000000, -1.000000000000000000 ) ) ;
#2684 = LINE ( 'NONE', #1145, #1448 ) ;
#2685 = ORIENTED_EDGE ( 'NONE', *, *, #1090, .T. ) ;
#2686 = ADVANCED_FACE ( 'NONE', ( #448 ), #1974, .F. ) ;
#2687 = VERTEX_POINT ( 'NONE', #2253 ) ;
#2688 = EDGE_CURVE ( 'NONE', #2402, #1967, #471, .T. ) ;
#2689 = EDGE_CURVE ( 'NONE', #77, #1353, #444, .T. ) ;
#2690 = CARTESIAN_POINT ( 'NONE',  ( 1.600000000000000311, 0.000000000000000000, 0.1999999999999982903 ) ) ;
#2691 = CARTESIAN_POINT ( 'NONE',  ( 1.599999999999999867, 0.5000000000000000000, 0.2499999999999995837 ) ) ;
#2692 = PLANE ( 'NONE',  #2211 ) ;
#2693 = ORIENTED_EDGE ( 'NONE', *, *, #3200, .T. ) ;
#2694 = DIRECTION ( 'NONE',  ( 0.000000000000000000, -0.000000000000000000, 1.000000000000000000 ) ) ;
#2695 = ORIENTED_EDGE ( 'NONE', *, *, #876, .T. ) ;
#2696 = EDGE_CURVE ( 'NONE', #1171, #2644, #504, .T. ) ;
#2697 = VECTOR ( 'NONE', #2173, 1000.000000000000000 ) ;
#2698 = PLANE ( 'NONE',  #850 ) ;
#2699 = ORIENTED_EDGE ( 'NONE', *, *, #840, .F. ) ;
#2700 = DIRECTION ( 'NONE',  ( -0.000000000000000000, 1.000000000000000000, -0.000000000000000000 ) ) ;
#2701 = ORIENTED_EDGE ( 'NONE', *, *, #2558, .F. ) ;
#2702 = CARTESIAN_POINT ( 'NONE',  ( 0.9000000000000003553, 0.000000000000000000, -0.2000000000000009548 ) ) ;
#2703 = VECTOR ( 'NONE', #1241, 1000.000000000000000 ) ;
#2704 = CARTESIAN_POINT ( 'NONE',  ( 0.9000000000000003553, 0.4899999999999999911, -0.2000000000000009548 ) ) ;
#2705 = ORIENTED_EDGE ( 'NONE', *, *, #2781, .F. ) ;
#2706 = ORIENTED_EDGE ( 'NONE', *, *, #952, .T. ) ;
#2707 =( NAMED_UNIT ( * ) PLANE_ANGLE_UNIT ( ) SI_UNIT ( $, .RADIAN. ) );
#2708 = DIRECTION ( 'NONE',  ( -0.000000000000000000, -0.000000000000000000, -1.000000000000000000 ) ) ;
#2709 = CARTESIAN_POINT ( 'NONE',  ( 1.000000000000000444, 0.4899999999999999911, 1.349999999999998312 ) ) ;
#2710 = ADVANCED_FACE ( 'NONE', ( #1632 ), #1618, .T. ) ;
#2711 = FACE_OUTER_BOUND ( 'NONE', #1211, .T. ) ;
#2712 = VERTEX_POINT ( 'NONE', #3631 ) ;
#2713 =( LENGTH_UNIT ( ) NAMED_UNIT ( * ) SI_UNIT ( .MILLI., .METRE. ) );
#2714 = DIRECTION ( 'NONE',  ( 0.000000000000000000, 0.000000000000000000, 1.000000000000000000 ) ) ;
#2715 = CARTESIAN_POINT ( 'NONE',  ( -1.599999999999999867, -2.275863337187866264, 1.049999999999999378 ) ) ;
#2716 = LINE ( 'NONE', #3391, #1486 ) ;
#2717 = VECTOR ( 'NONE', #964, 1000.000000000000000 ) ;
#2718 = CARTESIAN_POINT ( 'NONE',  ( -0.2999999999999999889, 2.773910997119842570, -0.8999999999999998002 ) ) ;
#2719 = ORIENTED_EDGE ( 'NONE', *, *, #2202, .T. ) ;
#2720 = AXIS2_PLACEMENT_3D ( 'NONE', #2954, #1128, #2474 ) ;
#2721 = VECTOR ( 'NONE', #2790, 1000.000000000000000 ) ;
#2722 = CARTESIAN_POINT ( 'NONE',  ( 1.600000000000000311, 0.4899999999999999911, -1.300000000000000266 ) ) ;
#2723 = FACE_OUTER_BOUND ( 'NONE', #3128, .T. ) ;
#2724 = DIRECTION ( 'NONE',  ( 0.000000000000000000, 0.000000000000000000, 1.000000000000000000 ) ) ;
#2725 = ORIENTED_EDGE ( 'NONE', *, *, #2902, .F. ) ;
#2726 = CARTESIAN_POINT ( 'NONE',  ( 0.8942038115749207927, 1.099999999999999867, -3.438061301782110224 ) ) ;
#2727 = PRESENTATION_LAYER_ASSIGNMENT (  '', '', ( #2466 ) ) ;
#2728 = LINE ( 'NONE', #1964, #1491 ) ;
#2729 = CARTESIAN_POINT ( 'NONE',  ( 1.599999999999999867, 0.4899999999999999911, -0.2500000000000004441 ) ) ;
#2730 = ORIENTED_EDGE ( 'NONE', *, *, #479, .T. ) ;
#2731 = ORIENTED_EDGE ( 'NONE', *, *, #920, .T. ) ;
#2732 = DIRECTION ( 'NONE',  ( 1.000000000000000000, 0.000000000000000000, 5.913830031739114557E-16 ) ) ;
#2733 = CARTESIAN_POINT ( 'NONE',  ( 1.600000000000000311, 0.4899999999999999911, -1.300000000000000266 ) ) ;
#2734 = DIRECTION ( 'NONE',  ( -1.000000000000000000, -0.000000000000000000, -0.000000000000000000 ) ) ;
#2735 = EDGE_CURVE ( 'NONE', #2243, #3615, #1704, .T. ) ;
#2736 = VECTOR ( 'NONE', #380, 1000.000000000000000 ) ;
#2737 = VECTOR ( 'NONE', #1821, 1000.000000000000000 ) ;
#2738 = ORIENTED_EDGE ( 'NONE', *, *, #443, .F. ) ;
#2739 = EDGE_CURVE ( 'NONE', #3118, #1812, #2868, .T. ) ;
#2740 = CARTESIAN_POINT ( 'NONE',  ( 1.000000000000000444, 0.4899999999999999911, -1.300000000000000266 ) ) ;
#2741 = DIRECTION ( 'NONE',  ( 1.000000000000000000, 0.000000000000000000, 3.614007241618348771E-16 ) ) ;
#2742 = DIRECTION ( 'NONE',  ( 0.000000000000000000, -0.000000000000000000, 1.000000000000000000 ) ) ;
#2743 = ADVANCED_FACE ( 'NONE', ( #1626 ), #796, .F. ) ;
#2744 = VECTOR ( 'NONE', #1174, 1000.000000000000000 ) ;
#2745 = PLANE ( 'NONE',  #411 ) ;
#2746 = ORIENTED_EDGE ( 'NONE', *, *, #2188, .T. ) ;
#2747 = EDGE_CURVE ( 'NONE', #215, #859, #1682, .T. ) ;
#2748 = VECTOR ( 'NONE', #356, 1000.000000000000000 ) ;
#2749 = DIRECTION ( 'NONE',  ( 1.000000000000000000, 0.000000000000000000, 0.000000000000000000 ) ) ;
#2750 = DIRECTION ( 'NONE',  ( 0.000000000000000000, 0.000000000000000000, 1.000000000000000000 ) ) ;
#2751 = VECTOR ( 'NONE', #2326, 1000.000000000000000 ) ;
#2752 = DIRECTION ( 'NONE',  ( 0.000000000000000000, 0.000000000000000000, -1.000000000000000000 ) ) ;
#2753 = EDGE_LOOP ( 'NONE', ( #2520, #963, #990, #1926 ) ) ;
#2754 = DIRECTION ( 'NONE',  ( 1.000000000000000000, -0.000000000000000000, -1.807003620809174632E-16 ) ) ;
#2755 = LINE ( 'NONE', #1257, #312 ) ;
#2756 = LINE ( 'NONE', #2288, #1615 ) ;
#2757 = ORIENTED_EDGE ( 'NONE', *, *, #319, .T. ) ;
#2758 = CARTESIAN_POINT ( 'NONE',  ( 1.599999999999999867, -0.5916653826391929938, 0.2499999999999995837 ) ) ;
#2759 = CARTESIAN_POINT ( 'NONE',  ( -0.2999999999999999889, 0.01000000000000000021, -0.8999999999999998002 ) ) ;
#2760 = DIRECTION ( 'NONE',  ( 0.000000000000000000, 0.000000000000000000, 1.000000000000000000 ) ) ;
#2761 = LINE ( 'NONE', #497, #1610 ) ;
#2762 = LINE ( 'NONE', #2916, #2737 ) ;
#2763 = EDGE_LOOP ( 'NONE', ( #1187, #2280, #274, #2044 ) ) ;
#2764 = FILL_AREA_STYLE ('',( #3339 ) ) ;
#2765 = DIRECTION ( 'NONE',  ( 0.000000000000000000, -1.000000000000000000, 0.000000000000000000 ) ) ;
#2766 = CARTESIAN_POINT ( 'NONE',  ( -0.8999999999999999112, 0.4899999999999999911, -1.300000000000000266 ) ) ;
#2767 = FACE_OUTER_BOUND ( 'NONE', #2753, .T. ) ;
#2768 = AXIS2_PLACEMENT_3D ( 'NONE', #2758, #3042, #3383 ) ;
#2769 = LINE ( 'NONE', #3040, #1519 ) ;
#2770 = ORIENTED_EDGE ( 'NONE', *, *, #1470, .F. ) ;
#2771 = ADVANCED_FACE ( 'NONE', ( #2849 ), #244, .T. ) ;
#2772 = LINE ( 'NONE', #1913, #2721 ) ;
#2773 = DIRECTION ( 'NONE',  ( 0.000000000000000000, 1.000000000000000000, 0.000000000000000000 ) ) ;
#2774 = DIRECTION ( 'NONE',  ( 0.000000000000000000, 0.000000000000000000, 1.000000000000000000 ) ) ;
#2775 = VECTOR ( 'NONE', #2112, 1000.000000000000000 ) ;
#2776 = CARTESIAN_POINT ( 'NONE',  ( 1.600000000000000311, 0.4899999999999999911, -0.2000000000000008993 ) ) ;
#2777 = ORIENTED_EDGE ( 'NONE', *, *, #782, .F. ) ;
#2778 = LINE ( 'NONE', #1699, #341 ) ;
#2779 = COLOUR_RGB ( '',1.000000000000000000, 0.8117647058823529438, 0.5019607843137254832 ) ;
#2780 = VERTEX_POINT ( 'NONE', #3548 ) ;
#2781 = EDGE_CURVE ( 'NONE', #611, #429, #496, .T. ) ;
#2782 = CARTESIAN_POINT ( 'NONE',  ( -1.599999999999999867, 0.000000000000000000, 1.350000000000000089 ) ) ;
#2783 = CARTESIAN_POINT ( 'NONE',  ( 1.600000000000000533, 0.5000000000000000000, -0.4500000000000007883 ) ) ;
#2784 = EDGE_CURVE ( 'NONE', #2334, #2712, #2884, .T. ) ;
#2785 = VECTOR ( 'NONE', #1087, 1000.000000000000000 ) ;
#2786 = VECTOR ( 'NONE', #2403, 1000.000000000000000 ) ;
#2787 = ORIENTED_EDGE ( 'NONE', *, *, #1416, .F. ) ;
#2788 = MANIFOLD_SOLID_BREP ( 'Cut-Extrude5[4]', #2347 ) ;
#2789 = CARTESIAN_POINT ( 'NONE',  ( 1.599999999999999867, 0.4899999999999999911, -0.2000000000000009548 ) ) ;
#2790 = DIRECTION ( 'NONE',  ( 0.000000000000000000, 0.000000000000000000, -1.000000000000000000 ) ) ;
#2791 = DIRECTION ( 'NONE',  ( 1.000000000000000000, -0.000000000000000000, 0.000000000000000000 ) ) ;
#2792 = VECTOR ( 'NONE', #333, 1000.000000000000000 ) ;
#2793 = EDGE_CURVE ( 'NONE', #3381, #1053, #511, .T. ) ;
#2794 = VERTEX_POINT ( 'NONE', #3401 ) ;
#2795 = VECTOR ( 'NONE', #3314, 1000.000000000000000 ) ;
#2796 = CARTESIAN_POINT ( 'NONE',  ( 1.000000000000000444, 0.4899999999999999911, -1.350000000000000089 ) ) ;
#2797 =( NAMED_UNIT ( * ) SI_UNIT ( $, .STERADIAN. ) SOLID_ANGLE_UNIT ( ) );
#2798 = FACE_OUTER_BOUND ( 'NONE', #1945, .T. ) ;
#2799 = DIRECTION ( 'NONE',  ( 1.000000000000000000, 0.000000000000000000, 0.000000000000000000 ) ) ;
#2800 = ORIENTED_EDGE ( 'NONE', *, *, #2793, .F. ) ;
#2801 = CARTESIAN_POINT ( 'NONE',  ( 0.9000000000000003553, 0.4899999999999999911, -0.2000000000000009548 ) ) ;
#2802 = ADVANCED_FACE ( 'NONE', ( #1735 ), #2320, .T. ) ;
#2803 = FACE_OUTER_BOUND ( 'NONE', #376, .T. ) ;
#2804 = VECTOR ( 'NONE', #613, 1000.000000000000000 ) ;
#2805 = ORIENTED_EDGE ( 'NONE', *, *, #2094, .F. ) ;
#2806 = CARTESIAN_POINT ( 'NONE',  ( -0.8999999999999999112, 0.4899999999999999911, 0.1999999999999995948 ) ) ;
#2807 = AXIS2_PLACEMENT_3D ( 'NONE', #462, #787, #1911 ) ;
#2808 = CARTESIAN_POINT ( 'NONE',  ( -0.9000000000000004663, 0.000000000000000000, 1.299999999999999822 ) ) ;
#2809 = CARTESIAN_POINT ( 'NONE',  ( 0.2999999999999999889, 0.01000000000000000021, -1.349000000000000199 ) ) ;
#2810 = FACE_OUTER_BOUND ( 'NONE', #3169, .T. ) ;
#2811 = VECTOR ( 'NONE', #49, 1000.000000000000000 ) ;
#2812 = ORIENTED_EDGE ( 'NONE', *, *, #392, .T. ) ;
#2813 = CARTESIAN_POINT ( 'NONE',  ( 0.8942038115749207927, 1.099999999999999867, 1.350000000000000089 ) ) ;
#2814 = AXIS2_PLACEMENT_3D ( 'NONE', #1026, #2977, #3632 ) ;
#2815 = CARTESIAN_POINT ( 'NONE',  ( 1.600000000000000977, 0.4899999999999999911, 1.299999999999997602 ) ) ;
#2816 = PLANE ( 'NONE',  #515 ) ;
#2817 = CARTESIAN_POINT ( 'NONE',  ( -1.000000000000000000, -0.5916653826391929938, -0.6499999999999960254 ) ) ;
#2818 = VECTOR ( 'NONE', #3194, 1000.000000000000000 ) ;
#2819 = EDGE_CURVE ( 'NONE', #187, #168, #1728, .T. ) ;
#2820 = LINE ( 'NONE', #2351, #335 ) ;
#2821 = DIRECTION ( 'NONE',  ( 0.000000000000000000, 1.000000000000000000, 0.000000000000000000 ) ) ;
#2822 = FILL_AREA_STYLE ('',( #2865 ) ) ;
#2823 = VERTEX_POINT ( 'NONE', #2042 ) ;
#2824 = DIRECTION ( 'NONE',  ( 8.673617379884031528E-16, -0.000000000000000000, 1.000000000000000000 ) ) ;
#2825 = DIRECTION ( 'NONE',  ( -1.000000000000000000, 0.000000000000000000, -0.000000000000000000 ) ) ;
#2826 = EDGE_CURVE ( 'NONE', #1415, #854, #456, .T. ) ;
#2827 = EDGE_CURVE ( 'NONE', #2034, #2386, #518, .T. ) ;
#2828 = FACE_OUTER_BOUND ( 'NONE', #3056, .T. ) ;
#2829 = LINE ( 'NONE', #2162, #2786 ) ;
#2830 = EDGE_CURVE ( 'NONE', #1044, #423, #2835, .T. ) ;
#2831 = PLANE ( 'NONE',  #2768 ) ;
#2832 = DIRECTION ( 'NONE',  ( -1.000000000000000000, 0.000000000000000000, 5.421010862427520198E-16 ) ) ;
#2833 = PRODUCT ( 'HSMF-C118', 'HSMF-C118', '', ( #1853 ) ) ;
#2834 = ADVANCED_FACE ( 'NONE', ( #1621 ), #3651, .T. ) ;
#2835 = LINE ( 'NONE', #2564, #389 ) ;
#2836 = EDGE_CURVE ( 'NONE', #2227, #3375, #1898, .T. ) ;
#2837 = CARTESIAN_POINT ( 'NONE',  ( 1.600000000000000311, -2.275863337187866264, 0.4499999999999999556 ) ) ;
#2838 = CARTESIAN_POINT ( 'NONE',  ( 0.9000000000000009104, 1.793840481040530399, 1.299999999999998046 ) ) ;
#2839 = LINE ( 'NONE', #1287, #1723 ) ;
#2840 = FACE_OUTER_BOUND ( 'NONE', #1030, .T. ) ;
#2841 = AXIS2_PLACEMENT_3D ( 'NONE', #3017, #1670, #2455 ) ;
#2842 = FACE_OUTER_BOUND ( 'NONE', #667, .T. ) ;
#2843 = PLANE ( 'NONE',  #1528 ) ;
#2844 = DIRECTION ( 'NONE',  ( 1.000000000000000000, 0.000000000000000000, 7.744301232039317914E-17 ) ) ;
#2845 = FACE_OUTER_BOUND ( 'NONE', #3199, .T. ) ;
#2846 = DIRECTION ( 'NONE',  ( -1.885038685193462109E-17, 0.000000000000000000, -1.000000000000000000 ) ) ;
#2847 = DIRECTION ( 'NONE',  ( 0.000000000000000000, -0.000000000000000000, -1.000000000000000000 ) ) ;
#2848 = VECTOR ( 'NONE', #3392, 1000.000000000000000 ) ;
#2849 = FACE_OUTER_BOUND ( 'NONE', #3387, .T. ) ;
#2850 = AXIS2_PLACEMENT_3D ( 'NONE', #3342, #2249, #3646 ) ;
#2851 = LINE ( 'NONE', #2393, #1784 ) ;
#2852 = CARTESIAN_POINT ( 'NONE',  ( -1.600000000000000089, 0.5000000000000000000, 0.7500000000000000000 ) ) ;
#2853 = DIRECTION ( 'NONE',  ( -0.000000000000000000, -1.000000000000000000, -0.000000000000000000 ) ) ;
#2854 = ADVANCED_FACE ( 'NONE', ( #537 ), #3032, .F. ) ;
#2855 = LINE ( 'NONE', #810, #557 ) ;
#2856 = AXIS2_PLACEMENT_3D ( 'NONE', #616, #922, #2595 ) ;
#2857 = FACE_OUTER_BOUND ( 'NONE', #2015, .T. ) ;
#2858 = CARTESIAN_POINT ( 'NONE',  ( 1.000000000000000444, 0.4899999999999999911, -1.350000000000000089 ) ) ;
#2859 = ADVANCED_FACE ( 'NONE', ( #3083 ), #2471, .T. ) ;
#2860 = FACE_OUTER_BOUND ( 'NONE', #951, .T. ) ;
#2861 = LINE ( 'NONE', #726, #2871 ) ;
#2862 = EDGE_CURVE ( 'NONE', #429, #1180, #3064, .T. ) ;
#2863 = ORIENTED_EDGE ( 'NONE', *, *, #4, .T. ) ;
#2864 = EDGE_CURVE ( 'NONE', #1357, #1353, #1922, .T. ) ;
#2865 = FILL_AREA_STYLE_COLOUR ( '', #399 ) ;
#2866 = CARTESIAN_POINT ( 'NONE',  ( 1.600000000000000311, 1.793840481040530399, -1.300000000000000266 ) ) ;
#2867 = EDGE_LOOP ( 'NONE', ( #1688, #1253, #3209, #492, #774, #781, #2131 ) ) ;
#2868 = LINE ( 'NONE', #3296, #489 ) ;
#2869 = EDGE_CURVE ( 'NONE', #3245, #3551, #569, .T. ) ;
#2870 = PLANE ( 'NONE',  #3147 ) ;
#2871 = VECTOR ( 'NONE', #3486, 1000.000000000000000 ) ;
#2872 = DIRECTION ( 'NONE',  ( -0.000000000000000000, -0.000000000000000000, -1.000000000000000000 ) ) ;
#2873 = ORIENTED_EDGE ( 'NONE', *, *, #1420, .F. ) ;
#2874 = CARTESIAN_POINT ( 'NONE',  ( 0.8942038115749207927, 1.099999999999999867, 1.350000000000000089 ) ) ;
#2875 = VECTOR ( 'NONE', #869, 1000.000000000000000 ) ;
#2876 = VECTOR ( 'NONE', #3312, 1000.000000000000000 ) ;
#2877 = PLANE ( 'NONE',  #2983 ) ;
#2878 = ORIENTED_EDGE ( 'NONE', *, *, #1726, .F. ) ;
#2879 = CARTESIAN_POINT ( 'NONE',  ( -1.000000000000000000, 0.4899999999999999911, -1.350000000000000089 ) ) ;
#2880 = VECTOR ( 'NONE', #2976, 1000.000000000000000 ) ;
#2881 = CARTESIAN_POINT ( 'NONE',  ( -1.599999999999999867, 0.5000000000000000000, -0.2500000000000004441 ) ) ;
#2882 = LINE ( 'NONE', #1580, #427 ) ;
#2883 = ORIENTED_EDGE ( 'NONE', *, *, #2094, .T. ) ;
#2884 = LINE ( 'NONE', #1433, #2875 ) ;
#2885 = DIRECTION ( 'NONE',  ( 0.000000000000000000, -1.000000000000000000, 0.000000000000000000 ) ) ;
#2886 = LINE ( 'NONE', #3255, #3010 ) ;
#2887 = CARTESIAN_POINT ( 'NONE',  ( 0.9000000000000009104, 0.000000000000000000, 1.299999999999998046 ) ) ;
#2888 = VERTEX_POINT ( 'NONE', #1069 ) ;
#2889 = STYLED_ITEM ( 'NONE', ( #1366 ), #2235 ) ;
#2890 = VECTOR ( 'NONE', #3142, 1000.000000000000000 ) ;
#2891 = CARTESIAN_POINT ( 'NONE',  ( -0.2999999999999999889, 0.000000000000000000, -0.8999999999999998002 ) ) ;
#2892 = LINE ( 'NONE', #1084, #1629 ) ;
#2893 = CARTESIAN_POINT ( 'NONE',  ( -1.599999999999999867, -0.5916653826391929938, -0.2500000000000004441 ) ) ;
#2894 = ORIENTED_EDGE ( 'NONE', *, *, #1125, .T. ) ;
#2895 = CARTESIAN_POINT ( 'NONE',  ( 1.000000000000000444, 0.4899999999999999911, 1.349999999999997868 ) ) ;
#2896 = PLANE ( 'NONE',  #3609 ) ;
#2897 = EDGE_CURVE ( 'NONE', #125, #2146, #661, .T. ) ;
#2898 = VECTOR ( 'NONE', #2277, 1000.000000000000000 ) ;
#2899 = ORIENTED_EDGE ( 'NONE', *, *, #275, .T. ) ;
#2900 = DIRECTION ( 'NONE',  ( 0.000000000000000000, -0.000000000000000000, -1.000000000000000000 ) ) ;
#2901 = DIRECTION ( 'NONE',  ( 0.000000000000000000, 0.000000000000000000, 1.000000000000000000 ) ) ;
#2902 = EDGE_CURVE ( 'NONE', #3615, #1463, #1851, .T. ) ;
#2903 = DIRECTION ( 'NONE',  ( -1.000000000000000000, -0.000000000000000000, -0.000000000000000000 ) ) ;
#2904 = FACE_OUTER_BOUND ( 'NONE', #2063, .T. ) ;
#2905 = EDGE_CURVE ( 'NONE', #3094, #2205, #640, .T. ) ;
#2906 = ORIENTED_EDGE ( 'NONE', *, *, #587, .T. ) ;
#2907 = FACE_OUTER_BOUND ( 'NONE', #2926, .T. ) ;
#2908 = ADVANCED_FACE ( 'NONE', ( #1874 ), #868, .T. ) ;
#2909 = PLANE ( 'NONE',  #385 ) ;
#2910 = DIRECTION ( 'NONE',  ( 0.000000000000000000, -1.000000000000000000, 0.000000000000000000 ) ) ;
#2911 = LINE ( 'NONE', #2487, #2925 ) ;
#2912 = ORIENTED_EDGE ( 'NONE', *, *, #1554, .F. ) ;
#2913 = EDGE_CURVE ( 'NONE', #785, #1837, #2992, .T. ) ;
#2914 = ADVANCED_FACE ( 'NONE', ( #1744 ), #3630, .T. ) ;
#2915 = VECTOR ( 'NONE', #2774, 1000.000000000000000 ) ;
#2916 = CARTESIAN_POINT ( 'NONE',  ( -1.599999999999999867, 0.5000000000000000000, -0.2500000000000004441 ) ) ;
#2917 = VECTOR ( 'NONE', #2220, 1000.000000000000000 ) ;
#2918 = CARTESIAN_POINT ( 'NONE',  ( 1.600000000000000533, 0.5000000000000000000, 0.7499999999999983347 ) ) ;
#2919 = ORIENTED_EDGE ( 'NONE', *, *, #1979, .F. ) ;
#2920 = DIRECTION ( 'NONE',  ( -1.000000000000000000, 0.000000000000000000, 0.000000000000000000 ) ) ;
#2921 = LINE ( 'NONE', #2548, #1696 ) ;
#2922 = PLANE ( 'NONE',  #3531 ) ;
#2923 = CARTESIAN_POINT ( 'NONE',  ( -1.599999999999999867, 0.000000000000000000, -0.2000000000000000389 ) ) ;
#2924 = LINE ( 'NONE', #30, #2936 ) ;
#2925 = VECTOR ( 'NONE', #3413, 1000.000000000000000 ) ;
#2926 = EDGE_LOOP ( 'NONE', ( #3011, #1968, #1482, #552, #2685, #2693, #2673 ) ) ;
#2927 = VECTOR ( 'NONE', #3477, 1000.000000000000000 ) ;
#2928 = CARTESIAN_POINT ( 'NONE',  ( -0.8999999999999999112, 1.793840481040530399, -0.2000000000000000944 ) ) ;
#2929 = CARTESIAN_POINT ( 'NONE',  ( 1.000000000000000000, 0.4899999999999999911, 0.2499999999999994726 ) ) ;
#2930 = LINE ( 'NONE', #531, #2915 ) ;
#2931 = PLANE ( 'NONE',  #1703 ) ;
#2932 =( GEOMETRIC_REPRESENTATION_CONTEXT ( 3 ) GLOBAL_UNCERTAINTY_ASSIGNED_CONTEXT ( ( #452 ) ) GLOBAL_UNIT_ASSIGNED_CONTEXT ( ( #3176, #3121, #2797 ) ) REPRESENTATION_CONTEXT ( 'NONE', 'WORKASPACE' ) );
#2933 = VERTEX_POINT ( 'NONE', #1358 ) ;
#2934 = FACE_OUTER_BOUND ( 'NONE', #2286, .T. ) ;
#2935 = CARTESIAN_POINT ( 'NONE',  ( 0.9000000000000009104, 0.4899999999999999911, 1.299999999999998046 ) ) ;
#2936 = VECTOR ( 'NONE', #1114, 1000.000000000000000 ) ;
#2937 = FILL_AREA_STYLE ('',( #2682 ) ) ;
#2938 = AXIS2_PLACEMENT_3D ( 'NONE', #486, #803, #1077 ) ;
#2939 = CARTESIAN_POINT ( 'NONE',  ( 1.600000000000000311, 0.5000000000000000000, -0.4500000000000006217 ) ) ;
#2940 = ORIENTED_EDGE ( 'NONE', *, *, #3396, .T. ) ;
#2941 = LINE ( 'NONE', #2597, #410 ) ;
#2942 = LINE ( 'NONE', #3461, #1697 ) ;
#2943 = CARTESIAN_POINT ( 'NONE',  ( 0.9000000000000003553, 1.793840481040530399, -1.300000000000000266 ) ) ;
#2944 = EDGE_CURVE ( 'NONE', #1007, #2656, #1787, .T. ) ;
#2945 = ORIENTED_EDGE ( 'NONE', *, *, #2098, .T. ) ;
#2946 = CARTESIAN_POINT ( 'NONE',  ( -0.8999999999999999112, 0.000000000000000000, -1.300000000000000266 ) ) ;
#2947 = LINE ( 'NONE', #1613, #513 ) ;
#2948 = CARTESIAN_POINT ( 'NONE',  ( -0.8999999999999999112, 0.4899999999999999911, -1.300000000000000266 ) ) ;
#2949 = ORIENTED_EDGE ( 'NONE', *, *, #1172, .T. ) ;
#2950 = EDGE_CURVE ( 'NONE', #3321, #3245, #554, .T. ) ;
#2951 = LINE ( 'NONE', #1516, #1790 ) ;
#2952 = DIRECTION ( 'NONE',  ( -1.807003620809174632E-16, 0.000000000000000000, 1.000000000000000000 ) ) ;
#2953 = VECTOR ( 'NONE', #38, 1000.000000000000000 ) ;
#2954 = CARTESIAN_POINT ( 'NONE',  ( 0.9000000000000003553, 0.4899999999999999911, -1.300000000000000266 ) ) ;
#2955 = EDGE_CURVE ( 'NONE', #3295, #2071, #3070, .T. ) ;
#2956 = VERTEX_POINT ( 'NONE', #1972 ) ;
#2957 = VECTOR ( 'NONE', #2734, 1000.000000000000000 ) ;
#2958 = DIRECTION ( 'NONE',  ( 0.000000000000000000, 0.000000000000000000, 1.000000000000000000 ) ) ;
#2959 = VECTOR ( 'NONE', #2910, 1000.000000000000000 ) ;
#2960 = EDGE_CURVE ( 'NONE', #3572, #950, #561, .T. ) ;
#2961 = CARTESIAN_POINT ( 'NONE',  ( -1.599999999999999867, 0.4899999999999999911, 0.2499999999999995837 ) ) ;
#2962 = DIRECTION ( 'NONE',  ( -0.7071067811865512365, -0.000000000000000000, 0.7071067811865439090 ) ) ;
#2963 = ORIENTED_EDGE ( 'NONE', *, *, #2056, .F. ) ;
#2964 = VECTOR ( 'NONE', #1214, 1000.000000000000000 ) ;
#2965 = LINE ( 'NONE', #1756, #528 ) ;
#2966 = CARTESIAN_POINT ( 'NONE',  ( -1.000000000000000000, 0.4899999999999999911, 0.2499999999999994726 ) ) ;
#2967 = ORIENTED_EDGE ( 'NONE', *, *, #229, .T. ) ;
#2968 = PLANE ( 'NONE',  #3575 ) ;
#2969 = LINE ( 'NONE', #2948, #1714 ) ;
#2970 = PLANE ( 'NONE',  #3074 ) ;
#2971 = ADVANCED_FACE ( 'NONE', ( #1857 ), #2521, .F. ) ;
#2972 = VECTOR ( 'NONE', #1992, 1000.000000000000000 ) ;
#2973 = ORIENTED_EDGE ( 'NONE', *, *, #527, .F. ) ;
#2974 = CIRCLE ( 'NONE', #3131, 0.2999999999999997113 ) ;
#2975 = AXIS2_PLACEMENT_3D ( 'NONE', #1573, #146, #2419 ) ;
#2976 = DIRECTION ( 'NONE',  ( -0.000000000000000000, -0.000000000000000000, -1.000000000000000000 ) ) ;
#2977 = DIRECTION ( 'NONE',  ( 3.614007241618348771E-16, 0.000000000000000000, -1.000000000000000000 ) ) ;
#2978 = VECTOR ( 'NONE', #2444, 1000.000000000000000 ) ;
#2979 = CARTESIAN_POINT ( 'NONE',  ( -1.000000000000000000, 0.4899999999999999911, 0.2499999999999994726 ) ) ;
#2980 = VECTOR ( 'NONE', #3466, 1000.000000000000000 ) ;
#2981 = ORIENTED_EDGE ( 'NONE', *, *, #2353, .T. ) ;
#2982 = LINE ( 'NONE', #2246, #1755 ) ;
#2983 = AXIS2_PLACEMENT_3D ( 'NONE', #3191, #352, #1198 ) ;
#2984 = FACE_OUTER_BOUND ( 'NONE', #2022, .T. ) ;
#2985 = CARTESIAN_POINT ( 'NONE',  ( 1.000000000000000000, 0.5000000000000000000, 0.2499999999999994726 ) ) ;
#2986 = CARTESIAN_POINT ( 'NONE',  ( -1.000000000000000000, 0.5000000000000000000, -1.350000000000000089 ) ) ;
#2987 = DIRECTION ( 'NONE',  ( -0.000000000000000000, -0.000000000000000000, -1.000000000000000000 ) ) ;
#2988 = LINE ( 'NONE', #3051, #2876 ) ;
#2989 = ORIENTED_EDGE ( 'NONE', *, *, #1, .F. ) ;
#2990 = VECTOR ( 'NONE', #1377, 1000.000000000000000 ) ;
#2991 = EDGE_CURVE ( 'NONE', #2823, #3309, #721, .T. ) ;
#2992 = LINE ( 'NONE', #2796, #1865 ) ;
#2993 =( NAMED_UNIT ( * ) SI_UNIT ( $, .STERADIAN. ) SOLID_ANGLE_UNIT ( ) );
#2994 = VECTOR ( 'NONE', #1104, 1000.000000000000000 ) ;
#2995 = EDGE_CURVE ( 'NONE', #3485, #3245, #702, .T. ) ;
#2996 = ORIENTED_EDGE ( 'NONE', *, *, #2025, .T. ) ;
#2997 = CARTESIAN_POINT ( 'NONE',  ( 1.000000000000000444, -2.275863337187866264, -1.350000000000000089 ) ) ;
#2998 = FACE_OUTER_BOUND ( 'NONE', #1713, .T. ) ;
#2999 = CARTESIAN_POINT ( 'NONE',  ( -0.3000000000000000444, 0.01000000000000000021, -0.5999999999999998668 ) ) ;
#3000 = DIRECTION ( 'NONE',  ( 0.000000000000000000, 0.000000000000000000, 1.000000000000000000 ) ) ;
#3001 = VECTOR ( 'NONE', #3588, 1000.000000000000000 ) ;
#3002 = EDGE_CURVE ( 'NONE', #168, #2093, #669, .T. ) ;
#3003 = ORIENTED_EDGE ( 'NONE', *, *, #1459, .T. ) ;
#3004 = EDGE_CURVE ( 'NONE', #1533, #904, #1936, .T. ) ;
#3005 = LINE ( 'NONE', #568, #1737 ) ;
#3006 = ADVANCED_FACE ( 'NONE', ( #3077 ), #1905, .T. ) ;
#3007 = CARTESIAN_POINT ( 'NONE',  ( 1.600000000000000311, 0.000000000000000000, 1.350000000000000089 ) ) ;
#3008 = CARTESIAN_POINT ( 'NONE',  ( 0.000000000000000000, 0.000000000000000000, -1.349000000000000199 ) ) ;
#3009 = PLANE ( 'NONE',  #1746 ) ;
#3010 = VECTOR ( 'NONE', #2362, 999.9999999999998863 ) ;
#3011 = ORIENTED_EDGE ( 'NONE', *, *, #85, .F. ) ;
#3012 = FACE_OUTER_BOUND ( 'NONE', #643, .T. ) ;
#3013 = EDGE_CURVE ( 'NONE', #3093, #2340, #633, .T. ) ;
#3014 = CARTESIAN_POINT ( 'NONE',  ( -1.000000000000000000, 0.5000000000000000000, -0.6499999999999960254 ) ) ;
#3015 = CARTESIAN_POINT ( 'NONE',  ( -1.599999999999999867, 0.5000000000000000000, -1.350000000000000089 ) ) ;
#3016 = DIRECTION ( 'NONE',  ( -0.000000000000000000, -0.000000000000000000, -1.000000000000000000 ) ) ;
#3017 = CARTESIAN_POINT ( 'NONE',  ( -0.9000000000000004663, 0.4899999999999999911, 1.299999999999999822 ) ) ;
#3018 = LINE ( 'NONE', #3008, #3022 ) ;
#3019 = ORIENTED_EDGE ( 'NONE', *, *, #3465, .F. ) ;
#3020 = VECTOR ( 'NONE', #1959, 1000.000000000000000 ) ;
#3021 = LINE ( 'NONE', #2127, #3076 ) ;
#3022 = VECTOR ( 'NONE', #3590, 1000.000000000000000 ) ;
#3023 = CARTESIAN_POINT ( 'NONE',  ( 0.000000000000000000, 0.01000000000000002623, -0.8999999999999996891 ) ) ;
#3024 = VERTEX_POINT ( 'NONE', #3175 ) ;
#3025 = PLANE ( 'NONE',  #2850 ) ;
#3026 = ORIENTED_EDGE ( 'NONE', *, *, #3347, .F. ) ;
#3027 = DIRECTION ( 'NONE',  ( -0.000000000000000000, -1.000000000000000000, -0.000000000000000000 ) ) ;
#3028 = CARTESIAN_POINT ( 'NONE',  ( 1.599999999999999867, 0.4899999999999999911, 0.2499999999999995837 ) ) ;
#3029 = LINE ( 'NONE', #2514, #1888 ) ;
#3030 = ORIENTED_EDGE ( 'NONE', *, *, #123, .T. ) ;
#3031 = ORIENTED_EDGE ( 'NONE', *, *, #86, .T. ) ;
#3032 = PLANE ( 'NONE',  #1179 ) ;
#3033 = CARTESIAN_POINT ( 'NONE',  ( -0.8999999999999999112, 0.4899999999999999911, 0.1999999999999995948 ) ) ;
#3034 = CARTESIAN_POINT ( 'NONE',  ( -1.000000000000000000, 0.4899999999999999911, 1.350000000000000089 ) ) ;
#3035 = AXIS2_PLACEMENT_3D ( 'NONE', #250, #1413, #2259 ) ;
#3036 = VECTOR ( 'NONE', #3170, 1000.000000000000000 ) ;
#3037 = ORIENTED_EDGE ( 'NONE', *, *, #1464, .F. ) ;
#3038 = ORIENTED_EDGE ( 'NONE', *, *, #2186, .F. ) ;
#3039 = ADVANCED_FACE ( 'NONE', ( #2984 ), #913, .T. ) ;
#3040 = CARTESIAN_POINT ( 'NONE',  ( -1.599999999999999867, 0.000000000000000000, 1.350000000000000089 ) ) ;
#3041 = VECTOR ( 'NONE', #3000, 1000.000000000000000 ) ;
#3042 = DIRECTION ( 'NONE',  ( 1.000000000000000000, -0.000000000000000000, 0.000000000000000000 ) ) ;
#3043 = CARTESIAN_POINT ( 'NONE',  ( -1.000000000000000000, 0.5000000000000000000, 0.2499999999999994726 ) ) ;
#3044 = DIRECTION ( 'NONE',  ( 0.000000000000000000, 0.000000000000000000, 1.000000000000000000 ) ) ;
#3045 = CYLINDRICAL_SURFACE ( 'NONE', #2552, 0.2999999999999996558 ) ;
#3046 = ORIENTED_EDGE ( 'NONE', *, *, #1038, .F. ) ;
#3047 = EDGE_CURVE ( 'NONE', #3174, #1316, #3116, .T. ) ;
#3048 = ORIENTED_EDGE ( 'NONE', *, *, #2641, .F. ) ;
#3049 = EDGE_CURVE ( 'NONE', #2508, #2205, #1941, .T. ) ;
#3050 = VECTOR ( 'NONE', #2374, 1000.000000000000000 ) ;
#3051 = CARTESIAN_POINT ( 'NONE',  ( -3.673940397442057649E-17, 0.01000000000000000021, -0.5999999999999998668 ) ) ;
#3052 = LINE ( 'NONE', #2729, #582 ) ;
#3053 = CARTESIAN_POINT ( 'NONE',  ( 0.2999999999999999889, 0.000000000000000000, -1.349000000000000199 ) ) ;
#3054 = ORIENTED_EDGE ( 'NONE', *, *, #1120, .F. ) ;
#3055 = CARTESIAN_POINT ( 'NONE',  ( -1.000000000000000000, 0.5000000000000000000, 0.2499999999999994726 ) ) ;
#3056 = EDGE_LOOP ( 'NONE', ( #1584, #1194, #1153, #1186, #3603, #3634 ) ) ;
#3057 = LINE ( 'NONE', #1354, #1897 ) ;
#3058 = EDGE_CURVE ( 'NONE', #835, #2486, #1889, .T. ) ;
#3059 = LINE ( 'NONE', #3113, #1947 ) ;
#3060 = VERTEX_POINT ( 'NONE', #2630 ) ;
#3061 = VERTEX_POINT ( 'NONE', #37 ) ;
#3062 = CARTESIAN_POINT ( 'NONE',  ( 1.600000000000000311, 0.5000000000000000000, -0.4500000000000006217 ) ) ;
#3063 = CARTESIAN_POINT ( 'NONE',  ( -1.600000000000000089, 0.4899999999999999911, -0.7500000000000000000 ) ) ;
#3064 = LINE ( 'NONE', #1923, #3001 ) ;
#3065 = FACE_OUTER_BOUND ( 'NONE', #3423, .T. ) ;
#3066 = ORIENTED_EDGE ( 'NONE', *, *, #3516, .F. ) ;
#3067 = ORIENTED_EDGE ( 'NONE', *, *, #2430, .T. ) ;
#3068 = PLANE ( 'NONE',  #3035 ) ;
#3069 = CARTESIAN_POINT ( 'NONE',  ( 0.2999999999999998779, 0.000000000000000000, 1.349000000000000199 ) ) ;
#3070 = LINE ( 'NONE', #530, #3145 ) ;
#3071 = LINE ( 'NONE', #906, #728 ) ;
#3072 = ORIENTED_EDGE ( 'NONE', *, *, #677, .F. ) ;
#3073 = EDGE_LOOP ( 'NONE', ( #297, #3638, #3618, #1332, #2681, #962 ) ) ;
#3074 = AXIS2_PLACEMENT_3D ( 'NONE', #2715, #262, #1063 ) ;
#3075 = ADVANCED_FACE ( 'NONE', ( #688 ), #2843, .F. ) ;
#3076 = VECTOR ( 'NONE', #441, 1000.000000000000000 ) ;
#3077 = FACE_OUTER_BOUND ( 'NONE', #98, .T. ) ;
#3078 = CARTESIAN_POINT ( 'NONE',  ( -0.3000000000000000444, 0.01000000000000002623, -0.5999999999999998668 ) ) ;
#3079 = ORIENTED_EDGE ( 'NONE', *, *, #1970, .F. ) ;
#3080 = CARTESIAN_POINT ( 'NONE',  ( 0.000000000000000000, 2.773910997119842570, 1.349000000000000199 ) ) ;
#3081 = ORIENTED_EDGE ( 'NONE', *, *, #2144, .F. ) ;
#3082 = MECHANICAL_DESIGN_GEOMETRIC_PRESENTATION_REPRESENTATION (  '', ( #1066 ), #1022 ) ;
#3083 = FACE_OUTER_BOUND ( 'NONE', #233, .T. ) ;
#3084 = LINE ( 'NONE', #2446, #648 ) ;
#3085 = ORIENTED_EDGE ( 'NONE', *, *, #1753, .T. ) ;
#3086 = ORIENTED_EDGE ( 'NONE', *, *, #576, .F. ) ;
#3087 = DIRECTION ( 'NONE',  ( 0.000000000000000000, 1.000000000000000000, -0.000000000000000000 ) ) ;
#3088 = DIRECTION ( 'NONE',  ( -0.000000000000000000, -1.000000000000000000, -0.000000000000000000 ) ) ;
#3089 = EDGE_CURVE ( 'NONE', #3643, #2888, #1915, .T. ) ;
#3090 = CARTESIAN_POINT ( 'NONE',  ( -1.399999999999999689, -0.5916653826391929938, -0.2500000000000005551 ) ) ;
#3091 = VECTOR ( 'NONE', #3511, 1000.000000000000000 ) ;
#3092 = FACE_OUTER_BOUND ( 'NONE', #2629, .T. ) ;
#3093 = VERTEX_POINT ( 'NONE', #1502 ) ;
#3094 = VERTEX_POINT ( 'NONE', #3307 ) ;
#3095 = CARTESIAN_POINT ( 'NONE',  ( -0.8999999999999999112, 0.4899999999999999911, 0.1999999999999995948 ) ) ;
#3096 = EDGE_CURVE ( 'NONE', #1430, #3394, #2965, .T. ) ;
#3097 = CARTESIAN_POINT ( 'NONE',  ( -1.600000000000000089, 0.4899999999999999911, -0.7500000000000000000 ) ) ;
#3098 = VECTOR ( 'NONE', #270, 1000.000000000000000 ) ;
#3099 = PLANE ( 'NONE',  #3232 ) ;
#3100 = DIRECTION ( 'NONE',  ( 0.000000000000000000, 1.000000000000000000, 0.000000000000000000 ) ) ;
#3101 = LINE ( 'NONE', #2357, #3134 ) ;
#3102 = ORIENTED_EDGE ( 'NONE', *, *, #1420, .T. ) ;
#3103 = EDGE_CURVE ( 'NONE', #3495, #3448, #3130, .T. ) ;
#3104 = ORIENTED_EDGE ( 'NONE', *, *, #2359, .F. ) ;
#3105 = VECTOR ( 'NONE', #141, 1000.000000000000000 ) ;
#3106 = CARTESIAN_POINT ( 'NONE',  ( 0.000000000000000000, 0.5000000000000000000, 0.000000000000000000 ) ) ;
#3107 = VECTOR ( 'NONE', #243, 1000.000000000000000 ) ;
#3108 = SURFACE_STYLE_FILL_AREA ( #888 ) ;
#3109 = CARTESIAN_POINT ( 'NONE',  ( -0.8999999999999999112, 0.4899999999999999911, -1.300000000000000266 ) ) ;
#3110 = ORIENTED_EDGE ( 'NONE', *, *, #1083, .T. ) ;
#3111 = CARTESIAN_POINT ( 'NONE',  ( -1.000000000000000000, 0.4899999999999999911, 1.350000000000000089 ) ) ;
#3112 = CLOSED_SHELL ( 'NONE', ( #2450, #794, #202, #1107, #731, #936, #2293, #2710, #2151, #2515, #1707, #3369, #2080, #1328, #3075, #2207, #1500, #458, #402, #1270, #2590, #140, #3559, #1680, #32, #1535, #313, #1003, #3039, #2686, #1471, #1794, #2743, #2655, #3182, #2569, #3217, #3427, #342, #1971, #3478, #3397, #2341, #1803, #2854 ) ) ;
#3113 = CARTESIAN_POINT ( 'NONE',  ( -0.8999999999999999112, 0.4899999999999999911, -1.300000000000000266 ) ) ;
#3114 = ADVANCED_FACE ( 'NONE', ( #1758 ), #694, .T. ) ;
#3115 = EDGE_CURVE ( 'NONE', #3535, #904, #678, .T. ) ;
#3116 = LINE ( 'NONE', #3469, #3155 ) ;
#3117 = VECTOR ( 'NONE', #2556, 1000.000000000000000 ) ;
#3118 = VERTEX_POINT ( 'NONE', #2088 ) ;
#3119 = ORIENTED_EDGE ( 'NONE', *, *, #275, .F. ) ;
#3120 = CARTESIAN_POINT ( 'NONE',  ( 1.600000000000000977, 0.000000000000000000, 0.7499999999999974465 ) ) ;
#3121 =( NAMED_UNIT ( * ) PLANE_ANGLE_UNIT ( ) SI_UNIT ( $, .RADIAN. ) );
#3122 = DIRECTION ( 'NONE',  ( 4.018540298315434880E-17, 0.000000000000000000, -1.000000000000000000 ) ) ;
#3123 = DIRECTION ( 'NONE',  ( -0.000000000000000000, -0.000000000000000000, -1.000000000000000000 ) ) ;
#3124 = VECTOR ( 'NONE', #2464, 1000.000000000000000 ) ;
#3125 = LINE ( 'NONE', #1181, #1639 ) ;
#3126 = VECTOR ( 'NONE', #357, 1000.000000000000000 ) ;
#3127 = ORIENTED_EDGE ( 'NONE', *, *, #479, .F. ) ;
#3128 = EDGE_LOOP ( 'NONE', ( #1918, #3372, #937, #2527, #1944, #2459 ) ) ;
#3129 = LINE ( 'NONE', #2226, #1848 ) ;
#3130 = LINE ( 'NONE', #181, #647 ) ;
#3131 = AXIS2_PLACEMENT_3D ( 'NONE', #898, #1169, #3044 ) ;
#3132 = DIRECTION ( 'NONE',  ( 0.000000000000000000, 0.000000000000000000, 1.000000000000000000 ) ) ;
#3133 = DIRECTION ( 'NONE',  ( 0.000000000000000000, -0.000000000000000000, 1.000000000000000000 ) ) ;
#3134 = VECTOR ( 'NONE', #2292, 1000.000000000000000 ) ;
#3135 = EDGE_LOOP ( 'NONE', ( #637, #3202, #3228, #236 ) ) ;
#3136 = ORIENTED_EDGE ( 'NONE', *, *, #2098, .F. ) ;
#3137 = CYLINDRICAL_SURFACE ( 'NONE', #891, 0.2999999999999988232 ) ;
#3138 = VECTOR ( 'NONE', #1157, 1000.000000000000000 ) ;
#3139 =( GEOMETRIC_REPRESENTATION_CONTEXT ( 3 ) GLOBAL_UNCERTAINTY_ASSIGNED_CONTEXT ( ( #329 ) ) GLOBAL_UNIT_ASSIGNED_CONTEXT ( ( #2713, #857, #2993 ) ) REPRESENTATION_CONTEXT ( 'NONE', 'WORKASPACE' ) );
#3140 = PRESENTATION_STYLE_ASSIGNMENT (( #1678 ) ) ;
#3141 = EDGE_LOOP ( 'NONE', ( #1395, #209, #214, #849 ) ) ;
#3142 = DIRECTION ( 'NONE',  ( -0.000000000000000000, -1.000000000000000000, -0.000000000000000000 ) ) ;
#3143 = VERTEX_POINT ( 'NONE', #3149 ) ;
#3144 =( NAMED_UNIT ( * ) SI_UNIT ( $, .STERADIAN. ) SOLID_ANGLE_UNIT ( ) );
#3145 = VECTOR ( 'NONE', #1381, 1000.000000000000000 ) ;
#3146 = ORIENTED_EDGE ( 'NONE', *, *, #2355, .F. ) ;
#3147 = AXIS2_PLACEMENT_3D ( 'NONE', #1484, #1536, #2068 ) ;
#3148 = ORIENTED_EDGE ( 'NONE', *, *, #54, .T. ) ;
#3149 = CARTESIAN_POINT ( 'NONE',  ( -1.599999999999999867, 0.5000000000000000000, -0.2500000000000004441 ) ) ;
#3150 = SURFACE_STYLE_USAGE ( .BOTH. , #1137 ) ;
#3151 = CARTESIAN_POINT ( 'NONE',  ( 1.600000000000000977, 0.4899999999999999911, 1.299999999999997602 ) ) ;
#3152 = CARTESIAN_POINT ( 'NONE',  ( 1.000000000000000000, 0.4899999999999999911, 0.2499999999999994726 ) ) ;
#3153 = EDGE_CURVE ( 'NONE', #1658, #1103, #1773, .T. ) ;
#3154 = FACE_OUTER_BOUND ( 'NONE', #3399, .T. ) ;
#3155 = VECTOR ( 'NONE', #3203, 1000.000000000000000 ) ;
#3156 = ORIENTED_EDGE ( 'NONE', *, *, #2272, .T. ) ;
#3157 = ORIENTED_EDGE ( 'NONE', *, *, #876, .F. ) ;
#3158 = EDGE_CURVE ( 'NONE', #930, #105, #655, .T. ) ;
#3159 = EDGE_CURVE ( 'NONE', #2425, #983, #1882, .T. ) ;
#3160 = PLANE ( 'NONE',  #2382 ) ;
#3161 = CARTESIAN_POINT ( 'NONE',  ( -1.599999999999999867, 0.4899999999999999911, -0.2500000000000004441 ) ) ;
#3162 = PLANE ( 'NONE',  #809 ) ;
#3163 = LINE ( 'NONE', #2604, #665 ) ;
#3164 = ORIENTED_EDGE ( 'NONE', *, *, #2272, .F. ) ;
#3165 = ORIENTED_EDGE ( 'NONE', *, *, #3166, .T. ) ;
#3166 = EDGE_CURVE ( 'NONE', #2794, #2621, #3125, .T. ) ;
#3167 = ORIENTED_EDGE ( 'NONE', *, *, #2960, .T. ) ;
#3168 = CARTESIAN_POINT ( 'NONE',  ( -1.599999999999999867, 0.4899999999999999911, -0.2500000000000004441 ) ) ;
#3169 = EDGE_LOOP ( 'NONE', ( #2800, #2387, #604, #1142, #2770 ) ) ;
#3170 = DIRECTION ( 'NONE',  ( -0.000000000000000000, -0.000000000000000000, 1.000000000000000000 ) ) ;
#3171 = ADVANCED_FACE ( 'NONE', ( #1763 ), #2586, .T. ) ;
#3172 = FACE_OUTER_BOUND ( 'NONE', #3388, .T. ) ;
#3173 = ORIENTED_EDGE ( 'NONE', *, *, #2606, .F. ) ;
#3174 = VERTEX_POINT ( 'NONE', #1813 ) ;
#3175 = CARTESIAN_POINT ( 'NONE',  ( 1.000000000000000444, 0.5000000000000000000, 0.2499999999999995837 ) ) ;
#3176 =( LENGTH_UNIT ( ) NAMED_UNIT ( * ) SI_UNIT ( .MILLI., .METRE. ) );
#3177 = CARTESIAN_POINT ( 'NONE',  ( 0.9000000000000003553, 0.000000000000000000, -1.300000000000000266 ) ) ;
#3178 = CARTESIAN_POINT ( 'NONE',  ( -0.8999999999999999112, 1.793840481040530399, -1.300000000000000266 ) ) ;
#3179 = LINE ( 'NONE', #915, #2026 ) ;
#3180 = VERTEX_POINT ( 'NONE', #1320 ) ;
#3181 = ORIENTED_EDGE ( 'NONE', *, *, #2991, .T. ) ;
#3182 = ADVANCED_FACE ( 'NONE', ( #547 ), #3601, .F. ) ;
#3183 = AXIS2_PLACEMENT_3D ( 'NONE', #2858, #931, #1547 ) ;
#3184 = PLANE ( 'NONE',  #521 ) ;
#3185 = DIRECTION ( 'NONE',  ( -0.000000000000000000, 1.000000000000000000, -0.000000000000000000 ) ) ;
#3186 = DIRECTION ( 'NONE',  ( 1.000000000000000000, -0.000000000000000000, 0.000000000000000000 ) ) ;
#3187 = VECTOR ( 'NONE', #3088, 1000.000000000000000 ) ;
#3188 = ORIENTED_EDGE ( 'NONE', *, *, #225, .T. ) ;
#3189 = ORIENTED_EDGE ( 'NONE', *, *, #2524, .F. ) ;
#3190 = STYLED_ITEM ( 'NONE', ( #2014 ), #921 ) ;
#3191 = CARTESIAN_POINT ( 'NONE',  ( -1.000000000000000000, 0.4899999999999999911, -1.350000000000000089 ) ) ;
#3192 = VECTOR ( 'NONE', #2799, 1000.000000000000000 ) ;
#3193 = EDGE_LOOP ( 'NONE', ( #1205, #2381, #321, #1527, #1572, #350 ) ) ;
#3194 = DIRECTION ( 'NONE',  ( -4.018540298315434880E-17, 0.000000000000000000, 1.000000000000000000 ) ) ;
#3195 = ORIENTED_EDGE ( 'NONE', *, *, #687, .F. ) ;
#3196 = CARTESIAN_POINT ( 'NONE',  ( -1.599999999999999867, 0.5000000000000000000, 1.350000000000000089 ) ) ;
#3197 = CARTESIAN_POINT ( 'NONE',  ( 0.9000000000000003553, 0.000000000000000000, 0.1999999999999987343 ) ) ;
#3198 = LINE ( 'NONE', #635, #771 ) ;
#3199 = EDGE_LOOP ( 'NONE', ( #535, #477, #512, #525 ) ) ;
#3200 = EDGE_CURVE ( 'NONE', #67, #2615, #1689, .T. ) ;
#3201 = CARTESIAN_POINT ( 'NONE',  ( -1.599999999999999867, 0.4899999999999999911, 1.049999999999999378 ) ) ;
#3202 = ORIENTED_EDGE ( 'NONE', *, *, #142, .F. ) ;
#3203 = DIRECTION ( 'NONE',  ( 1.000000000000000000, 0.000000000000000000, -1.807003620809174632E-16 ) ) ;
#3204 = PLANE ( 'NONE',  #467 ) ;
#3205 = CARTESIAN_POINT ( 'NONE',  ( 0.2999999999999998779, 0.01000000000000000021, 1.349000000000000199 ) ) ;
#3206 = ADVANCED_FACE ( 'NONE', ( #2907 ), #232, .T. ) ;
#3207 = LINE ( 'NONE', #2299, #864 ) ;
#3208 = VERTEX_POINT ( 'NONE', #1100 ) ;
#3209 = ORIENTED_EDGE ( 'NONE', *, *, #13, .T. ) ;
#3210 = EDGE_CURVE ( 'NONE', #904, #910, #3005, .T. ) ;
#3211 = CARTESIAN_POINT ( 'NONE',  ( 0.9000000000000003553, 0.000000000000000000, -0.2000000000000009548 ) ) ;
#3212 = DIRECTION ( 'NONE',  ( -0.000000000000000000, -1.000000000000000000, 0.000000000000000000 ) ) ;
#3213 = DIRECTION ( 'NONE',  ( 0.000000000000000000, 0.000000000000000000, -1.000000000000000000 ) ) ;
#3214 = FACE_OUTER_BOUND ( 'NONE', #2442, .T. ) ;
#3215 = ORIENTED_EDGE ( 'NONE', *, *, #783, .F. ) ;
#3216 = ORIENTED_EDGE ( 'NONE', *, *, #3058, .T. ) ;
#3217 = ADVANCED_FACE ( 'NONE', ( #2857 ), #208, .F. ) ;
#3218 = CARTESIAN_POINT ( 'NONE',  ( 1.600000000000000533, 0.4899999999999999911, 0.7499999999999983347 ) ) ;
#3219 = LINE ( 'NONE', #3177, #3192 ) ;
#3220 = ORIENTED_EDGE ( 'NONE', *, *, #744, .T. ) ;
#3221 = ORIENTED_EDGE ( 'NONE', *, *, #1595, .F. ) ;
#3222 = DIRECTION ( 'NONE',  ( -1.000000000000000000, 0.000000000000000000, 5.913830031739119487E-16 ) ) ;
#3223 = DIRECTION ( 'NONE',  ( -0.000000000000000000, -1.000000000000000000, -0.000000000000000000 ) ) ;
#3224 = AXIS2_PLACEMENT_3D ( 'NONE', #194, #795, #473 ) ;
#3225 = VECTOR ( 'NONE', #870, 1000.000000000000000 ) ;
#3226 = ORIENTED_EDGE ( 'NONE', *, *, #3158, .F. ) ;
#3227 = DIRECTION ( 'NONE',  ( -1.000000000000000000, 0.000000000000000000, 0.000000000000000000 ) ) ;
#3228 = ORIENTED_EDGE ( 'NONE', *, *, #268, .F. ) ;
#3229 = CARTESIAN_POINT ( 'NONE',  ( -3.673940397442057649E-17, 0.000000000000000000, -0.5999999999999998668 ) ) ;
#3230 = DIRECTION ( 'NONE',  ( 0.000000000000000000, -1.000000000000000000, 0.000000000000000000 ) ) ;
#3231 = DIRECTION ( 'NONE',  ( 1.000000000000000000, -0.000000000000000000, 0.000000000000000000 ) ) ;
#3232 = AXIS2_PLACEMENT_3D ( 'NONE', #516, #1465, #1442 ) ;
#3233 = ORIENTED_EDGE ( 'NONE', *, *, #2869, .T. ) ;
#3234 = ORIENTED_EDGE ( 'NONE', *, *, #3340, .F. ) ;
#3235 = FILL_AREA_STYLE ('',( #63 ) ) ;
#3236 = CARTESIAN_POINT ( 'NONE',  ( -1.600000000000000089, 0.4899999999999999911, -0.1999999999999999833 ) ) ;
#3237 = ADVANCED_FACE ( 'NONE', ( #1635 ), #517, .F. ) ;
#3238 = VECTOR ( 'NONE', #1598, 1000.000000000000000 ) ;
#3239 = ORIENTED_EDGE ( 'NONE', *, *, #256, .T. ) ;
#3240 = AXIS2_PLACEMENT_3D ( 'NONE', #3097, #1650, #1957 ) ;
#3241 = ORIENTED_EDGE ( 'NONE', *, *, #2819, .T. ) ;
#3242 = CARTESIAN_POINT ( 'NONE',  ( -1.599999999999999867, -2.275863337187866264, -0.4500000000000001776 ) ) ;
#3243 = PLANE ( 'NONE',  #673 ) ;
#3244 = FACE_OUTER_BOUND ( 'NONE', #674, .T. ) ;
#3245 = VERTEX_POINT ( 'NONE', #2783 ) ;
#3246 = CARTESIAN_POINT ( 'NONE',  ( 1.600000000000000533, 0.5000000000000000000, 0.7499999999999983347 ) ) ;
#3247 = ORIENTED_EDGE ( 'NONE', *, *, #1047, .F. ) ;
#3248 = DIRECTION ( 'NONE',  ( -0.000000000000000000, -1.000000000000000000, -0.000000000000000000 ) ) ;
#3249 = EDGE_CURVE ( 'NONE', #1379, #2537, #520, .T. ) ;
#3250 = DIRECTION ( 'NONE',  ( -1.000000000000000000, 0.000000000000000000, -0.000000000000000000 ) ) ;
#3251 = EDGE_CURVE ( 'NONE', #2016, #1665, #494, .T. ) ;
#3252 = VECTOR ( 'NONE', #750, 1000.000000000000000 ) ;
#3253 = UNCERTAINTY_MEASURE_WITH_UNIT (LENGTH_MEASURE( 1.000000000000000082E-05 ), #3545, 'distance_accuracy_value', 'NONE');
#3254 = VERTEX_POINT ( 'NONE', #3385 ) ;
#3255 = CARTESIAN_POINT ( 'NONE',  ( -1.399999999999999689, 0.4899999999999999911, -0.2500000000000005551 ) ) ;
#3256 = ORIENTED_EDGE ( 'NONE', *, *, #3441, .T. ) ;
#3257 = PLANE ( 'NONE',  #987 ) ;
#3258 = DIRECTION ( 'NONE',  ( -0.000000000000000000, 0.000000000000000000, -1.000000000000000000 ) ) ;
#3259 = EDGE_CURVE ( 'NONE', #818, #3485, #2974, .T. ) ;
#3260 = ORIENTED_EDGE ( 'NONE', *, *, #1509, .F. ) ;
#3261 = ORIENTED_EDGE ( 'NONE', *, *, #3558, .F. ) ;
#3262 = DIRECTION ( 'NONE',  ( 0.000000000000000000, 0.000000000000000000, -1.000000000000000000 ) ) ;
#3263 = CARTESIAN_POINT ( 'NONE',  ( 1.000000000000000000, 0.4899999999999999911, -0.2500000000000005551 ) ) ;
#3264 =( LENGTH_UNIT ( ) NAMED_UNIT ( * ) SI_UNIT ( .MILLI., .METRE. ) );
#3265 = CARTESIAN_POINT ( 'NONE',  ( 0.000000000000000000, 0.01000000000000000021, -1.349000000000000199 ) ) ;
#3266 = FACE_OUTER_BOUND ( 'NONE', #3073, .T. ) ;
#3267 = VERTEX_POINT ( 'NONE', #880 ) ;
#3268 = ORIENTED_EDGE ( 'NONE', *, *, #625, .T. ) ;
#3269 = ADVANCED_FACE ( 'NONE', ( #2998 ), #1348, .T. ) ;
#3270 = VECTOR ( 'NONE', #3527, 1000.000000000000000 ) ;
#3271 = EDGE_LOOP ( 'NONE', ( #2526, #451, #3026, #117 ) ) ;
#3272 = DIRECTION ( 'NONE',  ( 0.000000000000000000, 1.000000000000000000, 0.000000000000000000 ) ) ;
#3273 = EDGE_LOOP ( 'NONE', ( #281, #1200, #2919, #1478 ) ) ;
#3274 = DIRECTION ( 'NONE',  ( 0.000000000000000000, -1.000000000000000000, 0.000000000000000000 ) ) ;
#3275 =( GEOMETRIC_REPRESENTATION_CONTEXT ( 3 ) GLOBAL_UNCERTAINTY_ASSIGNED_CONTEXT ( ( #1602 ) ) GLOBAL_UNIT_ASSIGNED_CONTEXT ( ( #468, #2395, #2668 ) ) REPRESENTATION_CONTEXT ( 'NONE', 'WORKASPACE' ) );
#3276 = VECTOR ( 'NONE', #2700, 1000.000000000000000 ) ;
#3277 = VERTEX_POINT ( 'NONE', #3620 ) ;
#3278 = ORIENTED_EDGE ( 'NONE', *, *, #3507, .F. ) ;
#3279 = DIRECTION ( 'NONE',  ( 1.000000000000000000, 0.000000000000000000, 1.807003620809174632E-16 ) ) ;
#3280 = AXIS2_PLACEMENT_3D ( 'NONE', #2183, #2447, #1095 ) ;
#3281 = CARTESIAN_POINT ( 'NONE',  ( -1.399999999999999689, 0.5000000000000000000, -0.2500000000000005551 ) ) ;
#3282 = LINE ( 'NONE', #507, #3238 ) ;
#3283 = ORIENTED_EDGE ( 'NONE', *, *, #877, .F. ) ;
#3284 = ORIENTED_EDGE ( 'NONE', *, *, #1863, .T. ) ;
#3285 = CARTESIAN_POINT ( 'NONE',  ( 1.000000000000000444, 0.4899999999999999911, -1.350000000000000089 ) ) ;
#3286 = EDGE_CURVE ( 'NONE', #983, #423, #470, .T. ) ;
#3287 = DIRECTION ( 'NONE',  ( 0.000000000000000000, 1.000000000000000000, 0.000000000000000000 ) ) ;
#3288 = CARTESIAN_POINT ( 'NONE',  ( 0.2999999999999999889, 0.000000000000000000, -1.349000000000000199 ) ) ;
#3289 = VECTOR ( 'NONE', #1071, 1000.000000000000000 ) ;
#3290 = ORIENTED_EDGE ( 'NONE', *, *, #3210, .T. ) ;
#3291 = VERTEX_POINT ( 'NONE', #2005 ) ;
#3292 = CARTESIAN_POINT ( 'NONE',  ( 1.600000000000000533, -2.275863337187866264, 0.7499999999999983347 ) ) ;
#3293 = EDGE_CURVE ( 'NONE', #3470, #1423, #2982, .T. ) ;
#3294 = LINE ( 'NONE', #403, #2048 ) ;
#3295 = VERTEX_POINT ( 'NONE', #1392 ) ;
#3296 = CARTESIAN_POINT ( 'NONE',  ( 1.000000000000000444, 0.4899999999999999911, -1.350000000000000089 ) ) ;
#3297 = VERTEX_POINT ( 'NONE', #2287 ) ;
#3298 = DIRECTION ( 'NONE',  ( -0.000000000000000000, 1.000000000000000000, -0.000000000000000000 ) ) ;
#3299 = DIRECTION ( 'NONE',  ( -1.000000000000000000, 0.000000000000000000, 6.195440985631454331E-16 ) ) ;
#3300 = ADVANCED_FACE ( 'NONE', ( #572 ), #2265, .F. ) ;
#3301 = FACE_OUTER_BOUND ( 'NONE', #2091, .T. ) ;
#3302 = ORIENTED_EDGE ( 'NONE', *, *, #2017, .F. ) ;
#3303 = ORIENTED_EDGE ( 'NONE', *, *, #1518, .T. ) ;
#3304 = EDGE_CURVE ( 'NONE', #785, #2656, #2921, .T. ) ;
#3305 = DIRECTION ( 'NONE',  ( 0.000000000000000000, 0.000000000000000000, 1.000000000000000000 ) ) ;
#3306 = DIRECTION ( 'NONE',  ( -1.000000000000000000, 0.000000000000000000, 0.000000000000000000 ) ) ;
#3307 = CARTESIAN_POINT ( 'NONE',  ( -1.600000000000000089, 0.000000000000000000, 0.4499999999999992895 ) ) ;
#3308 = FACE_OUTER_BOUND ( 'NONE', #2332, .T. ) ;
#3309 = VERTEX_POINT ( 'NONE', #2193 ) ;
#3310 = ORIENTED_EDGE ( 'NONE', *, *, #3004, .T. ) ;
#3311 = ADVANCED_FACE ( 'NONE', ( #478 ), #3162, .T. ) ;
#3312 = DIRECTION ( 'NONE',  ( -1.885038685193461801E-17, -0.000000000000000000, -1.000000000000000000 ) ) ;
#3313 = CARTESIAN_POINT ( 'NONE',  ( -3.673940397442057649E-17, 0.000000000000000000, -0.5999999999999998668 ) ) ;
#3314 = DIRECTION ( 'NONE',  ( -0.000000000000000000, -0.000000000000000000, -1.000000000000000000 ) ) ;
#3315 = DIRECTION ( 'NONE',  ( 1.000000000000000000, 0.000000000000000000, -1.807003620809174632E-16 ) ) ;
#3316 = FACE_OUTER_BOUND ( 'NONE', #2431, .T. ) ;
#3317 = ORIENTED_EDGE ( 'NONE', *, *, #2142, .T. ) ;
#3318 = ORIENTED_EDGE ( 'NONE', *, *, #3047, .F. ) ;
#3319 = CARTESIAN_POINT ( 'NONE',  ( 0.8942038115749207927, 1.099999999999999867, -1.350000000000000089 ) ) ;
#3320 =( GEOMETRIC_REPRESENTATION_CONTEXT ( 3 ) GLOBAL_UNCERTAINTY_ASSIGNED_CONTEXT ( ( #3253 ) ) GLOBAL_UNIT_ASSIGNED_CONTEXT ( ( #3545, #417, #114 ) ) REPRESENTATION_CONTEXT ( 'NONE', 'WORKASPACE' ) );
#3321 = VERTEX_POINT ( 'NONE', #2618 ) ;
#3322 = DIRECTION ( 'NONE',  ( 0.000000000000000000, 1.000000000000000000, -0.000000000000000000 ) ) ;
#3323 = DIRECTION ( 'NONE',  ( -0.000000000000000000, -0.000000000000000000, -1.000000000000000000 ) ) ;
#3324 = VERTEX_POINT ( 'NONE', #925 ) ;
#3325 = CARTESIAN_POINT ( 'NONE',  ( -0.9000000000000004663, 0.4899999999999999911, 1.299999999999999822 ) ) ;
#3326 = CARTESIAN_POINT ( 'NONE',  ( 1.000000000000000444, -2.275863337187866264, -1.350000000000000089 ) ) ;
#3327 = FACE_OUTER_BOUND ( 'NONE', #3346, .T. ) ;
#3328 = ORIENTED_EDGE ( 'NONE', *, *, #1753, .F. ) ;
#3329 = AXIS2_PLACEMENT_3D ( 'NONE', #3106, #545, #2196 ) ;
#3330 = VERTEX_POINT ( 'NONE', #2031 ) ;
#3331 = DIRECTION ( 'NONE',  ( -4.018540298315434880E-17, -0.000000000000000000, 1.000000000000000000 ) ) ;
#3332 = CARTESIAN_POINT ( 'NONE',  ( 1.000000000000000444, 0.5000000000000000000, -1.350000000000000089 ) ) ;
#3333 = DIRECTION ( 'NONE',  ( 0.000000000000000000, 0.000000000000000000, 1.000000000000000000 ) ) ;
#3334 = ADVANCED_FACE ( 'NONE', ( #2934 ), #2896, .T. ) ;
#3335 = LINE ( 'NONE', #1296, #3361 ) ;
#3336 = VERTEX_POINT ( 'NONE', #326 ) ;
#3337 = ORIENTED_EDGE ( 'NONE', *, *, #424, .T. ) ;
#3338 = EDGE_CURVE ( 'NONE', #2667, #2386, #2951, .T. ) ;
#3339 = FILL_AREA_STYLE_COLOUR ( '', #1760 ) ;
#3340 = EDGE_CURVE ( 'NONE', #3061, #3267, #1702, .T. ) ;
#3341 = CARTESIAN_POINT ( 'NONE',  ( 0.9000000000000009104, 0.4899999999999999911, 1.299999999999998046 ) ) ;
#3342 = CARTESIAN_POINT ( 'NONE',  ( 1.600000000000000533, 0.5000000000000000000, 0.7499999999999983347 ) ) ;
#3343 = DIRECTION ( 'NONE',  ( 1.000000000000000000, 0.000000000000000000, -0.000000000000000000 ) ) ;
#3344 = LINE ( 'NONE', #2806, #896 ) ;
#3345 = ORIENTED_EDGE ( 'NONE', *, *, #311, .F. ) ;
#3346 = EDGE_LOOP ( 'NONE', ( #2155, #772, #1222, #2438 ) ) ;
#3347 = EDGE_CURVE ( 'NONE', #874, #156, #1743, .T. ) ;
#3348 = EDGE_CURVE ( 'NONE', #2236, #2605, #2941, .T. ) ;
#3349 = VECTOR ( 'NONE', #2364, 1000.000000000000000 ) ;
#3350 = VERTEX_POINT ( 'NONE', #2373 ) ;
#3351 = DIRECTION ( 'NONE',  ( -1.000000000000000000, -0.000000000000000000, -0.000000000000000000 ) ) ;
#3352 = CARTESIAN_POINT ( 'NONE',  ( -0.2999999999999999889, 2.773910997119842570, -0.8999999999999998002 ) ) ;
#3353 = ORIENTED_EDGE ( 'NONE', *, *, #2013, .T. ) ;
#3354 = CARTESIAN_POINT ( 'NONE',  ( 0.2999999999999999889, 0.000000000000000000, -1.349000000000000199 ) ) ;
#3355 = DIRECTION ( 'NONE',  ( -0.000000000000000000, 1.000000000000000000, -0.000000000000000000 ) ) ;
#3356 = VECTOR ( 'NONE', #3659, 1000.000000000000000 ) ;
#3357 = EDGE_CURVE ( 'NONE', #248, #284, #1798, .T. ) ;
#3358 = ORIENTED_EDGE ( 'NONE', *, *, #1921, .F. ) ;
#3359 = ORIENTED_EDGE ( 'NONE', *, *, #3587, .T. ) ;
#3360 = CARTESIAN_POINT ( 'NONE',  ( -1.599999999999999867, 0.5000000000000000000, 0.2499999999999995837 ) ) ;
#3361 = VECTOR ( 'NONE', #3230, 1000.000000000000000 ) ;
#3362 = EDGE_LOOP ( 'NONE', ( #1754, #831, #1438, #638, #1828, #2963 ) ) ;
#3363 = ORIENTED_EDGE ( 'NONE', *, *, #2275, .F. ) ;
#3364 = PLANE ( 'NONE',  #3329 ) ;
#3365 = AXIS2_PLACEMENT_3D ( 'NONE', #58, #1206, #966 ) ;
#3366 = PLANE ( 'NONE',  #2632 ) ;
#3367 = DIRECTION ( 'NONE',  ( 0.000000000000000000, 1.000000000000000000, 0.000000000000000000 ) ) ;
#3368 = CARTESIAN_POINT ( 'NONE',  ( 0.9000000000000003553, 0.4899999999999999911, 0.1999999999999987343 ) ) ;
#3369 = ADVANCED_FACE ( 'NONE', ( #3012 ), #1741, .F. ) ;
#3370 = FACE_OUTER_BOUND ( 'NONE', #3655, .T. ) ;
#3371 = ORIENTED_EDGE ( 'NONE', *, *, #1499, .F. ) ;
#3372 = ORIENTED_EDGE ( 'NONE', *, *, #822, .T. ) ;
#3373 = AXIS2_PLACEMENT_3D ( 'NONE', #2534, #1398, #8 ) ;
#3374 = FACE_OUTER_BOUND ( 'NONE', #919, .T. ) ;
#3375 = VERTEX_POINT ( 'NONE', #1825 ) ;
#3376 = CARTESIAN_POINT ( 'NONE',  ( -1.599999999999999867, 0.5000000000000000000, -1.350000000000000089 ) ) ;
#3377 = ORIENTED_EDGE ( 'NONE', *, *, #1243, .F. ) ;
#3378 = CARTESIAN_POINT ( 'NONE',  ( -1.599999999999999867, 0.4899999999999999911, 0.2499999999999995837 ) ) ;
#3379 = AXIS2_PLACEMENT_3D ( 'NONE', #1582, #1504, #3279 ) ;
#3380 = VECTOR ( 'NONE', #3331, 1000.000000000000000 ) ;
#3381 = VERTEX_POINT ( 'NONE', #395 ) ;
#3382 = ORIENTED_EDGE ( 'NONE', *, *, #867, .F. ) ;
#3383 = DIRECTION ( 'NONE',  ( 0.000000000000000000, 0.000000000000000000, -1.000000000000000000 ) ) ;
#3384 = DIRECTION ( 'NONE',  ( 1.885038685193462109E-17, 0.000000000000000000, 1.000000000000000000 ) ) ;
#3385 = CARTESIAN_POINT ( 'NONE',  ( -1.399999999999999689, 0.4899999999999999911, -0.2500000000000005551 ) ) ;
#3386 = CIRCLE ( 'NONE', #1445, 0.2999999999999988232 ) ;
#3387 = EDGE_LOOP ( 'NONE', ( #3406, #2730, #3359, #1249 ) ) ;
#3388 = EDGE_LOOP ( 'NONE', ( #2579, #2705, #1908, #3127, #2059, #144, #2104, #1436 ) ) ;
#3389 = EDGE_CURVE ( 'NONE', #3321, #950, #485, .T. ) ;
#3390 = CARTESIAN_POINT ( 'NONE',  ( 1.000000000000000000, -0.5916653826391929938, 0.2499999999999994726 ) ) ;
#3391 = CARTESIAN_POINT ( 'NONE',  ( 0.000000000000000000, 0.01000000000000000021, -0.8999999999999996891 ) ) ;
#3392 = DIRECTION ( 'NONE',  ( 0.000000000000000000, 0.000000000000000000, 1.000000000000000000 ) ) ;
#3393 = LINE ( 'NONE', #696, #2128 ) ;
#3394 = VERTEX_POINT ( 'NONE', #2333 ) ;
#3395 = EDGE_LOOP ( 'NONE', ( #658, #1761, #2024, #1845, #3241, #2634, #890, #1802 ) ) ;
#3396 = EDGE_CURVE ( 'NONE', #1277, #1967, #553, .T. ) ;
#3397 = ADVANCED_FACE ( 'NONE', ( #510 ), #2922, .F. ) ;
#3398 = LINE ( 'NONE', #3015, #2084 ) ;
#3399 = EDGE_LOOP ( 'NONE', ( #836, #2614, #1742, #2661 ) ) ;
#3400 = CARTESIAN_POINT ( 'NONE',  ( 0.9000000000000009104, 1.793840481040530399, 1.299999999999998046 ) ) ;
#3401 = CARTESIAN_POINT ( 'NONE',  ( 1.599999999999999867, 0.5000000000000000000, -0.2500000000000004441 ) ) ;
#3402 = ORIENTED_EDGE ( 'NONE', *, *, #3103, .T. ) ;
#3403 = PLANE ( 'NONE',  #2045 ) ;
#3404 = DIRECTION ( 'NONE',  ( -0.7071067811865439090, 0.000000000000000000, -0.7071067811865512365 ) ) ;
#3405 = VECTOR ( 'NONE', #2658, 1000.000000000000000 ) ;
#3406 = ORIENTED_EDGE ( 'NONE', *, *, #639, .F. ) ;
#3407 = CARTESIAN_POINT ( 'NONE',  ( 1.000000000000000000, -0.5916653826391929938, -0.2500000000000005551 ) ) ;
#3408 = DIRECTION ( 'NONE',  ( 0.000000000000000000, -0.000000000000000000, 1.000000000000000000 ) ) ;
#3409 = PRESENTATION_LAYER_ASSIGNMENT (  '', '', ( #1896 ) ) ;
#3410 = VECTOR ( 'NONE', #566, 1000.000000000000000 ) ;
#3411 = VERTEX_POINT ( 'NONE', #1235 ) ;
#3412 = ORIENTED_EDGE ( 'NONE', *, *, #225, .F. ) ;
#3413 = DIRECTION ( 'NONE',  ( 1.000000000000000000, -0.000000000000000000, 0.000000000000000000 ) ) ;
#3414 = DIRECTION ( 'NONE',  ( 7.744301232039317914E-17, 0.000000000000000000, 1.000000000000000000 ) ) ;
#3415 = DIRECTION ( 'NONE',  ( 1.807003620809174632E-16, 0.000000000000000000, -1.000000000000000000 ) ) ;
#3416 = VECTOR ( 'NONE', #1540, 1000.000000000000000 ) ;
#3417 = ORIENTED_EDGE ( 'NONE', *, *, #958, .T. ) ;
#3418 = AXIS2_PLACEMENT_3D ( 'NONE', #3109, #2652, #358 ) ;
#3419 = EDGE_LOOP ( 'NONE', ( #3436, #51, #3220, #3363 ) ) ;
#3420 = VECTOR ( 'NONE', #2503, 1000.000000000000000 ) ;
#3421 = ORIENTED_EDGE ( 'NONE', *, *, #484, .T. ) ;
#3422 = DIRECTION ( 'NONE',  ( 0.000000000000000000, 0.000000000000000000, 1.000000000000000000 ) ) ;
#3423 = EDGE_LOOP ( 'NONE', ( #2257, #2581, #2058, #3302 ) ) ;
#3424 = CARTESIAN_POINT ( 'NONE',  ( 0.2999999999999998779, 2.773910997119842570, 1.349000000000000199 ) ) ;
#3425 = MECHANICAL_DESIGN_GEOMETRIC_PRESENTATION_REPRESENTATION (  '', ( #2466 ), #1189 ) ;
#3426 = CARTESIAN_POINT ( 'NONE',  ( 0.2999999999999998779, 0.000000000000000000, 1.349000000000000199 ) ) ;
#3427 = ADVANCED_FACE ( 'NONE', ( #1727 ), #1567, .F. ) ;
#3428 = VECTOR ( 'NONE', #179, 1000.000000000000000 ) ;
#3429 = ORIENTED_EDGE ( 'NONE', *, *, #1962, .T. ) ;
#3430 = ORIENTED_EDGE ( 'NONE', *, *, #3515, .F. ) ;
#3431 = EDGE_CURVE ( 'NONE', #3475, #1103, #585, .T. ) ;
#3432 = PLANE ( 'NONE',  #1710 ) ;
#3433 = CARTESIAN_POINT ( 'NONE',  ( -1.599999999999999867, 0.5000000000000000000, -1.350000000000000089 ) ) ;
#3434 = EDGE_CURVE ( 'NONE', #99, #2066, #2851, .T. ) ;
#3435 = FACE_OUTER_BOUND ( 'NONE', #2463, .T. ) ;
#3436 = ORIENTED_EDGE ( 'NONE', *, *, #911, .F. ) ;
#3437 = UNCERTAINTY_MEASURE_WITH_UNIT (LENGTH_MEASURE( 1.000000000000000082E-05 ), #1199, 'distance_accuracy_value', 'NONE');
#3438 = CARTESIAN_POINT ( 'NONE',  ( -1.599999999999999867, 0.5000000000000000000, -0.4500000000000001776 ) ) ;
#3439 = CARTESIAN_POINT ( 'NONE',  ( 1.600000000000000977, 1.793840481040530399, 1.299999999999997602 ) ) ;
#3440 = VECTOR ( 'NONE', #626, 1000.000000000000000 ) ;
#3441 = EDGE_CURVE ( 'NONE', #1089, #2218, #2969, .T. ) ;
#3442 = EDGE_LOOP ( 'NONE', ( #996, #2086, #629, #93 ) ) ;
#3443 = EDGE_LOOP ( 'NONE', ( #87, #1343, #84, #644, #650, #442, #1594, #3328 ) ) ;
#3444 = PRODUCT_DEFINITION_CONTEXT ( 'detailed design', #2150, 'design' ) ;
#3445 = VECTOR ( 'NONE', #346, 1000.000000000000000 ) ;
#3446 = ORIENTED_EDGE ( 'NONE', *, *, #1334, .T. ) ;
#3447 = DIRECTION ( 'NONE',  ( 0.000000000000000000, 0.000000000000000000, -1.000000000000000000 ) ) ;
#3448 = VERTEX_POINT ( 'NONE', #415 ) ;
#3449 = CARTESIAN_POINT ( 'NONE',  ( 1.000000000000000000, 0.4899999999999999911, -0.2500000000000005551 ) ) ;
#3450 = ADVANCED_FACE ( 'NONE', ( #540 ), #164, .F. ) ;
#3451 = VECTOR ( 'NONE', #1326, 1000.000000000000000 ) ;
#3452 = ORIENTED_EDGE ( 'NONE', *, *, #3338, .F. ) ;
#3453 = EDGE_LOOP ( 'NONE', ( #242, #1887, #2159, #3446, #1132, #2408 ) ) ;
#3454 = CARTESIAN_POINT ( 'NONE',  ( 1.599999999999999867, 0.4899999999999999911, 0.2499999999999995837 ) ) ;
#3455 = AXIS2_PLACEMENT_3D ( 'NONE', #555, #1617, #2749 ) ;
#3456 = CARTESIAN_POINT ( 'NONE',  ( -1.000000000000000000, -0.5916653826391929938, 0.2499999999999994726 ) ) ;
#3457 = DIRECTION ( 'NONE',  ( 1.000000000000000000, 0.000000000000000000, 0.000000000000000000 ) ) ;
#3458 = ADVANCED_FACE ( 'NONE', ( #503 ), #2970, .T. ) ;
#3459 = ORIENTED_EDGE ( 'NONE', *, *, #570, .T. ) ;
#3460 = AXIS2_PLACEMENT_3D ( 'NONE', #493, #1939, #755 ) ;
#3461 = CARTESIAN_POINT ( 'NONE',  ( 0.000000000000000000, 0.01000000000000000021, -1.349000000000000199 ) ) ;
#3462 = DIRECTION ( 'NONE',  ( 0.000000000000000000, 1.000000000000000000, 0.000000000000000000 ) ) ;
#3463 = VECTOR ( 'NONE', #1016, 1000.000000000000000 ) ;
#3464 = ORIENTED_EDGE ( 'NONE', *, *, #1932, .F. ) ;
#3465 = EDGE_CURVE ( 'NONE', #2093, #900, #2947, .T. ) ;
#3466 = DIRECTION ( 'NONE',  ( -1.000000000000000000, 0.000000000000000000, -7.744301232039317914E-17 ) ) ;
#3467 = VECTOR ( 'NONE', #110, 1000.000000000000000 ) ;
#3468 = ORIENTED_EDGE ( 'NONE', *, *, #3593, .F. ) ;
#3469 = CARTESIAN_POINT ( 'NONE',  ( -1.000000000000000000, 0.4899999999999999911, 0.2499999999999994726 ) ) ;
#3470 = VERTEX_POINT ( 'NONE', #1881 ) ;
#3471 = CARTESIAN_POINT ( 'NONE',  ( -0.2999999999999999889, 0.000000000000000000, -0.8999999999999998002 ) ) ;
#3472 = CARTESIAN_POINT ( 'NONE',  ( -1.599999999999999867, 0.5000000000000000000, 1.350000000000000089 ) ) ;
#3473 = EDGE_CURVE ( 'NONE', #3470, #1430, #1708, .T. ) ;
#3474 = VECTOR ( 'NONE', #1634, 1000.000000000000000 ) ;
#3475 = VERTEX_POINT ( 'NONE', #3288 ) ;
#3476 = EDGE_CURVE ( 'NONE', #854, #2085, #398, .T. ) ;
#3477 = DIRECTION ( 'NONE',  ( -1.000000000000000000, 0.000000000000000000, 0.000000000000000000 ) ) ;
#3478 = ADVANCED_FACE ( 'NONE', ( #1731 ), #2692, .F. ) ;
#3479 = UNCERTAINTY_MEASURE_WITH_UNIT (LENGTH_MEASURE( 1.000000000000000082E-05 ), #1494, 'distance_accuracy_value', 'NONE');
#3480 = EDGE_LOOP ( 'NONE', ( #2654, #1797, #149, #2873 ) ) ;
#3481 = EDGE_CURVE ( 'NONE', #1956, #1840, #565, .T. ) ;
#3482 = CARTESIAN_POINT ( 'NONE',  ( 1.600000000000000533, 0.4899999999999999911, 0.7499999999999983347 ) ) ;
#3483 = DIRECTION ( 'NONE',  ( 1.000000000000000000, 0.000000000000000000, -0.000000000000000000 ) ) ;
#3484 = CIRCLE ( 'NONE', #1031, 0.2999999999999992673 ) ;
#3485 = VERTEX_POINT ( 'NONE', #465 ) ;
#3486 = DIRECTION ( 'NONE',  ( 1.000000000000000000, -0.000000000000000000, -0.000000000000000000 ) ) ;
#3487 = PRESENTATION_STYLE_ASSIGNMENT (( #759 ) ) ;
#3488 = CARTESIAN_POINT ( 'NONE',  ( -1.599999999999999867, 0.4899999999999999911, 1.350000000000000089 ) ) ;
#3489 = ORIENTED_EDGE ( 'NONE', *, *, #630, .F. ) ;
#3490 = CARTESIAN_POINT ( 'NONE',  ( -1.399999999999999689, 0.4899999999999999911, -0.2500000000000005551 ) ) ;
#3491 = DIRECTION ( 'NONE',  ( 1.000000000000000000, -0.000000000000000000, 4.018540298315434880E-17 ) ) ;
#3492 = VECTOR ( 'NONE', #259, 1000.000000000000000 ) ;
#3493 = DIRECTION ( 'NONE',  ( -1.000000000000000000, -0.000000000000000000, -7.744301232039317914E-17 ) ) ;
#3494 = AXIS2_PLACEMENT_3D ( 'NONE', #3063, #2180, #1049 ) ;
#3495 = VERTEX_POINT ( 'NONE', #217 ) ;
#3496 = DIRECTION ( 'NONE',  ( -1.000000000000000000, 0.000000000000000000, 0.000000000000000000 ) ) ;
#3497 = CARTESIAN_POINT ( 'NONE',  ( 0.9000000000000003553, 0.000000000000000000, -0.2000000000000009548 ) ) ;
#3498 = CARTESIAN_POINT ( 'NONE',  ( -1.600000000000001421, 0.4899999999999999911, 1.299999999999999378 ) ) ;
#3499 = LINE ( 'NONE', #1256, #2260 ) ;
#3500 = ORIENTED_EDGE ( 'NONE', *, *, #630, .T. ) ;
#3501 = ORIENTED_EDGE ( 'NONE', *, *, #1819, .F. ) ;
#3502 =( GEOMETRIC_REPRESENTATION_CONTEXT ( 3 ) GLOBAL_UNCERTAINTY_ASSIGNED_CONTEXT ( ( #3479 ) ) GLOBAL_UNIT_ASSIGNED_CONTEXT ( ( #1494, #2036, #3144 ) ) REPRESENTATION_CONTEXT ( 'NONE', 'WORKASPACE' ) );
#3503 = DIRECTION ( 'NONE',  ( 5.913830031739119487E-16, 0.000000000000000000, 1.000000000000000000 ) ) ;
#3504 = LINE ( 'NONE', #2815, #1091 ) ;
#3505 = CARTESIAN_POINT ( 'NONE',  ( 0.9000000000000003553, 0.4899999999999999911, -1.300000000000000266 ) ) ;
#3506 = ORIENTED_EDGE ( 'NONE', *, *, #3159, .F. ) ;
#3507 = EDGE_CURVE ( 'NONE', #824, #3061, #1630, .T. ) ;
#3508 = EDGE_CURVE ( 'NONE', #2712, #835, #404, .T. ) ;
#3509 = CARTESIAN_POINT ( 'NONE',  ( 0.000000000000000000, 0.01000000000000000021, -0.8999999999999996891 ) ) ;
#3510 = VECTOR ( 'NONE', #74, 1000.000000000000000 ) ;
#3511 = DIRECTION ( 'NONE',  ( 0.000000000000000000, -1.000000000000000000, 0.000000000000000000 ) ) ;
#3512 = VERTEX_POINT ( 'NONE', #1043 ) ;
#3513 =( NAMED_UNIT ( * ) SI_UNIT ( $, .STERADIAN. ) SOLID_ANGLE_UNIT ( ) );
#3514 = DIRECTION ( 'NONE',  ( 0.000000000000000000, 0.000000000000000000, -1.000000000000000000 ) ) ;
#3515 = EDGE_CURVE ( 'NONE', #3297, #942, #560, .T. ) ;
#3516 = EDGE_CURVE ( 'NONE', #2933, #1976, #3029, .T. ) ;
#3517 = ORIENTED_EDGE ( 'NONE', *, *, #1969, .F. ) ;
#3518 =( LENGTH_UNIT ( ) NAMED_UNIT ( * ) SI_UNIT ( .MILLI., .METRE. ) );
#3519 = ORIENTED_EDGE ( 'NONE', *, *, #2995, .T. ) ;
#3520 = CARTESIAN_POINT ( 'NONE',  ( -1.599999999999999867, 0.000000000000000000, -1.300000000000000266 ) ) ;
#3521 = PLANE ( 'NONE',  #1534 ) ;
#3522 = CARTESIAN_POINT ( 'NONE',  ( 1.600000000000000089, 0.4899999999999999911, 0.1999999999999983458 ) ) ;
#3523 = DIRECTION ( 'NONE',  ( 1.000000000000000000, -0.000000000000000000, 0.000000000000000000 ) ) ;
#3524 = LINE ( 'NONE', #1565, #3546 ) ;
#3525 = EDGE_CURVE ( 'NONE', #2334, #3118, #1912, .T. ) ;
#3526 = ORIENTED_EDGE ( 'NONE', *, *, #2905, .T. ) ;
#3527 = DIRECTION ( 'NONE',  ( 0.000000000000000000, 0.000000000000000000, 1.000000000000000000 ) ) ;
#3528 = LINE ( 'NONE', #3582, #2251 ) ;
#3529 = CARTESIAN_POINT ( 'NONE',  ( 0.9000000000000003553, 0.000000000000000000, -1.300000000000000266 ) ) ;
#3530 = ORIENTED_EDGE ( 'NONE', *, *, #3431, .T. ) ;
#3531 = AXIS2_PLACEMENT_3D ( 'NONE', #90, #2309, #975 ) ;
#3532 = ADVANCED_FACE ( 'NONE', ( #1823 ), #498, .T. ) ;
#3533 = CARTESIAN_POINT ( 'NONE',  ( 0.000000000000000000, 0.01000000000000000021, -1.349000000000000199 ) ) ;
#3534 = VECTOR ( 'NONE', #3604, 1000.000000000000000 ) ;
#3535 = VERTEX_POINT ( 'NONE', #1850 ) ;
#3536 = CARTESIAN_POINT ( 'NONE',  ( 0.000000000000000000, 0.01000000000000002623, 1.349000000000000199 ) ) ;
#3537 = DIRECTION ( 'NONE',  ( -1.000000000000000000, 0.000000000000000000, -1.807003620809175125E-16 ) ) ;
#3538 = AXIS2_PLACEMENT_3D ( 'NONE', #2759, #3537, #2454 ) ;
#3539 = VECTOR ( 'NONE', #2060, 1000.000000000000000 ) ;
#3540 = CARTESIAN_POINT ( 'NONE',  ( -3.673940397442057649E-17, 0.01000000000000000021, -0.5999999999999998668 ) ) ;
#3541 = ORIENTED_EDGE ( 'NONE', *, *, #3389, .F. ) ;
#3542 = DIRECTION ( 'NONE',  ( 0.000000000000000000, 1.000000000000000000, 0.000000000000000000 ) ) ;
#3543 = DIRECTION ( 'NONE',  ( 0.000000000000000000, 0.000000000000000000, 1.000000000000000000 ) ) ;
#3544 = PRESENTATION_LAYER_ASSIGNMENT (  '', '', ( #1314 ) ) ;
#3545 =( LENGTH_UNIT ( ) NAMED_UNIT ( * ) SI_UNIT ( .MILLI., .METRE. ) );
#3546 = VECTOR ( 'NONE', #3287, 1000.000000000000000 ) ;
#3547 = VERTEX_POINT ( 'NONE', #2149 ) ;
#3548 = CARTESIAN_POINT ( 'NONE',  ( 1.599999999999999867, 0.4899999999999999911, -0.2500000000000004441 ) ) ;
#3549 = LINE ( 'NONE', #3341, #3534 ) ;
#3550 = CARTESIAN_POINT ( 'NONE',  ( 1.600000000000000977, 0.000000000000000000, 1.299999999999997602 ) ) ;
#3551 = VERTEX_POINT ( 'NONE', #239 ) ;
#3552 = CLOSED_SHELL ( 'NONE', ( #1568, #2538, #3300, #3585, #1032, #1729, #2802, #1081, #169, #3311, #499, #1574, #1603 ) ) ;
#3553 = EDGE_CURVE ( 'NONE', #2508, #918, #3057, .T. ) ;
#3554 = LINE ( 'NONE', #148, #3440 ) ;
#3555 = VERTEX_POINT ( 'NONE', #1636 ) ;
#3556 = CARTESIAN_POINT ( 'NONE',  ( 1.600000000000000311, 0.4899999999999999911, -1.350000000000000089 ) ) ;
#3557 = CARTESIAN_POINT ( 'NONE',  ( 0.9000000000000003553, 0.4899999999999999911, 0.1999999999999987343 ) ) ;
#3558 = EDGE_CURVE ( 'NONE', #735, #369, #3129, .T. ) ;
#3559 = ADVANCED_FACE ( 'NONE', ( #1879 ), #1965, .F. ) ;
#3560 = VECTOR ( 'NONE', #2322, 1000.000000000000000 ) ;
#3561 = DIRECTION ( 'NONE',  ( 0.000000000000000000, 0.000000000000000000, 1.000000000000000000 ) ) ;
#3562 = EDGE_LOOP ( 'NONE', ( #131, #889, #1008, #2635, #2165 ) ) ;
#3563 = CARTESIAN_POINT ( 'NONE',  ( 1.600000000000000311, 0.5000000000000000000, 1.350000000000000089 ) ) ;
#3564 = CARTESIAN_POINT ( 'NONE',  ( -1.599999999999999867, 0.5000000000000000000, 0.2499999999999995837 ) ) ;
#3565 = DIRECTION ( 'NONE',  ( 0.000000000000000000, 0.000000000000000000, 1.000000000000000000 ) ) ;
#3566 = ADVANCED_FACE ( 'NONE', ( #593 ), #1282, .T. ) ;
#3567 = PRESENTATION_STYLE_ASSIGNMENT (( #2337 ) ) ;
#3568 = VERTEX_POINT ( 'NONE', #790 ) ;
#3569 = PLANE ( 'NONE',  #115 ) ;
#3570 = LINE ( 'NONE', #3529, #1177 ) ;
#3571 = PRODUCT_DEFINITION_FORMATION_WITH_SPECIFIED_SOURCE ( 'ANY', '', #2833, .NOT_KNOWN. ) ;
#3572 = VERTEX_POINT ( 'NONE', #1591 ) ;
#3573 = LINE ( 'NONE', #2358, #1196 ) ;
#3574 = ORIENTED_EDGE ( 'NONE', *, *, #2440, .T. ) ;
#3575 = AXIS2_PLACEMENT_3D ( 'NONE', #2100, #760, #1768 ) ;
#3576 = DIRECTION ( 'NONE',  ( 0.000000000000000000, -1.000000000000000000, 0.000000000000000000 ) ) ;
#3577 = CARTESIAN_POINT ( 'NONE',  ( 1.600000000000000311, 0.5000000000000000000, 1.350000000000000089 ) ) ;
#3578 = VECTOR ( 'NONE', #746, 1000.000000000000000 ) ;
#3579 = SURFACE_SIDE_STYLE ('',( #1698 ) ) ;
#3580 = VERTEX_POINT ( 'NONE', #2923 ) ;
#3581 = EDGE_CURVE ( 'NONE', #2392, #3118, #1920, .T. ) ;
#3582 = CARTESIAN_POINT ( 'NONE',  ( 0.9000000000000003553, 1.793840481040530399, 0.1999999999999987343 ) ) ;
#3583 = CARTESIAN_POINT ( 'NONE',  ( 1.599999999999999867, 0.4899999999999999911, 0.2499999999999995837 ) ) ;
#3584 = CARTESIAN_POINT ( 'NONE',  ( 0.8942038115749207927, 1.099999999999999867, -1.350000000000000089 ) ) ;
#3585 = ADVANCED_FACE ( 'NONE', ( #3154 ), #3137, .F. ) ;
#3586 = ORIENTED_EDGE ( 'NONE', *, *, #2233, .T. ) ;
#3587 = EDGE_CURVE ( 'NONE', #3330, #160, #660, .T. ) ;
#3588 = DIRECTION ( 'NONE',  ( 0.000000000000000000, -1.000000000000000000, 0.000000000000000000 ) ) ;
#3589 = DIRECTION ( 'NONE',  ( -1.000000000000000000, 0.000000000000000000, -6.195440985631454331E-16 ) ) ;
#3590 = DIRECTION ( 'NONE',  ( -0.000000000000000000, -0.000000000000000000, -1.000000000000000000 ) ) ;
#3591 = VECTOR ( 'NONE', #476, 1000.000000000000000 ) ;
#3592 = CARTESIAN_POINT ( 'NONE',  ( 0.9000000000000009104, 0.4899999999999999911, 1.299999999999998046 ) ) ;
#3593 = EDGE_CURVE ( 'NONE', #3547, #99, #1864, .T. ) ;
#3594 = ORIENTED_EDGE ( 'NONE', *, *, #303, .T. ) ;
#3595 = FACE_OUTER_BOUND ( 'NONE', #460, .T. ) ;
#3596 = UNCERTAINTY_MEASURE_WITH_UNIT (LENGTH_MEASURE( 1.000000000000000082E-05 ), #2248, 'distance_accuracy_value', 'NONE');
#3597 = EDGE_CURVE ( 'NONE', #2071, #1956, #701, .T. ) ;
#3598 = ORIENTED_EDGE ( 'NONE', *, *, #2689, .F. ) ;
#3599 = CARTESIAN_POINT ( 'NONE',  ( -0.9000000000000004663, 0.4899999999999999911, 1.299999999999999822 ) ) ;
#3600 = DIRECTION ( 'NONE',  ( 0.000000000000000000, 0.000000000000000000, 1.000000000000000000 ) ) ;
#3601 = PLANE ( 'NONE',  #2841 ) ;
#3602 = EDGE_LOOP ( 'NONE', ( #29, #979, #3173, #2539 ) ) ;
#3603 = ORIENTED_EDGE ( 'NONE', *, *, #2747, .T. ) ;
#3604 = DIRECTION ( 'NONE',  ( -5.913830031739119487E-16, 0.000000000000000000, -1.000000000000000000 ) ) ;
#3605 = DIRECTION ( 'NONE',  ( 0.000000000000000000, 1.000000000000000000, 0.000000000000000000 ) ) ;
#3606 = DIRECTION ( 'NONE',  ( -1.000000000000000000, 0.000000000000000000, 0.000000000000000000 ) ) ;
#3607 = DIRECTION ( 'NONE',  ( -1.000000000000000000, 0.000000000000000000, 6.195440985631454331E-16 ) ) ;
#3608 = ORIENTED_EDGE ( 'NONE', *, *, #2182, .F. ) ;
#3609 = AXIS2_PLACEMENT_3D ( 'NONE', #139, #3457, #349 ) ;
#3610 = DIRECTION ( 'NONE',  ( -0.000000000000000000, 1.000000000000000000, -0.000000000000000000 ) ) ;
#3611 = DIRECTION ( 'NONE',  ( -1.000000000000000000, 0.000000000000000000, -1.807003620809174632E-16 ) ) ;
#3612 = PLANE ( 'NONE',  #2344 ) ;
#3613 = FACE_OUTER_BOUND ( 'NONE', #1284, .T. ) ;
#3614 = CARTESIAN_POINT ( 'NONE',  ( 1.000000000000000444, 0.5000000000000000000, -1.350000000000000089 ) ) ;
#3615 = VERTEX_POINT ( 'NONE', #1885 ) ;
#3616 = AXIS2_PLACEMENT_3D ( 'NONE', #1643, #1949, #453 ) ;
#3617 = LINE ( 'NONE', #3378, #2396 ) ;
#3618 = ORIENTED_EDGE ( 'NONE', *, *, #3049, .T. ) ;
#3619 = DIRECTION ( 'NONE',  ( -1.885038685193461801E-17, -0.000000000000000000, -1.000000000000000000 ) ) ;
#3620 = CARTESIAN_POINT ( 'NONE',  ( -1.000000000000000000, 0.4899999999999999911, 0.1999999999999990119 ) ) ;
#3621 = VECTOR ( 'NONE', #1385, 1000.000000000000000 ) ;
#3622 = CARTESIAN_POINT ( 'NONE',  ( -1.599999999999999867, 0.5000000000000000000, 0.2499999999999995837 ) ) ;
#3623 = ORIENTED_EDGE ( 'NONE', *, *, #359, .F. ) ;
#3624 = CARTESIAN_POINT ( 'NONE',  ( 0.9000000000000009104, 0.4899999999999999911, 1.299999999999998046 ) ) ;
#3625 = CARTESIAN_POINT ( 'NONE',  ( -0.8999999999999999112, 0.4899999999999999911, 0.1999999999999995948 ) ) ;
#3626 = SURFACE_STYLE_FILL_AREA ( #862 ) ;
#3627 = EDGE_CURVE ( 'NONE', #1886, #2376, #3021, .T. ) ;
#3628 = ORIENTED_EDGE ( 'NONE', *, *, #1160, .F. ) ;
#3629 = EDGE_CURVE ( 'NONE', #2016, #2615, #685, .T. ) ;
#3630 = PLANE ( 'NONE',  #1576 ) ;
#3631 = CARTESIAN_POINT ( 'NONE',  ( 1.000000000000000444, 0.5000000000000000000, 1.349999999999998312 ) ) ;
#3632 = DIRECTION ( 'NONE',  ( -1.000000000000000000, 0.000000000000000000, -3.614007241618348771E-16 ) ) ;
#3633 = DIRECTION ( 'NONE',  ( -0.000000000000000000, 1.000000000000000000, -0.000000000000000000 ) ) ;
#3634 = ORIENTED_EDGE ( 'NONE', *, *, #1166, .F. ) ;
#3635 = ADVANCED_FACE ( 'NONE', ( #719 ), #2745, .T. ) ;
#3636 = EDGE_CURVE ( 'NONE', #1356, #156, #1856, .T. ) ;
#3637 = LINE ( 'NONE', #1117, #3621 ) ;
#3638 = ORIENTED_EDGE ( 'NONE', *, *, #3553, .F. ) ;
#3639 = DIRECTION ( 'NONE',  ( -0.000000000000000000, 1.000000000000000000, -0.000000000000000000 ) ) ;
#3640 = CARTESIAN_POINT ( 'NONE',  ( 0.000000000000000000, 0.000000000000000000, -1.349000000000000199 ) ) ;
#3641 = DIRECTION ( 'NONE',  ( 0.000000000000000000, -0.000000000000000000, 1.000000000000000000 ) ) ;
#3642 = VECTOR ( 'NONE', #1505, 1000.000000000000000 ) ;
#3643 = VERTEX_POINT ( 'NONE', #710 ) ;
#3644 = ORIENTED_EDGE ( 'NONE', *, *, #1681, .F. ) ;
#3645 = DIRECTION ( 'NONE',  ( -1.000000000000000000, 0.000000000000000000, 0.000000000000000000 ) ) ;
#3646 = DIRECTION ( 'NONE',  ( 0.000000000000000000, -0.000000000000000000, -1.000000000000000000 ) ) ;
#3647 = LINE ( 'NONE', #3592, #1170 ) ;
#3648 = ORIENTED_EDGE ( 'NONE', *, *, #2558, .T. ) ;
#3649 = AXIS2_PLACEMENT_3D ( 'NONE', #1035, #431, #752 ) ;
#3650 = DIRECTION ( 'NONE',  ( 0.000000000000000000, 0.000000000000000000, 1.000000000000000000 ) ) ;
#3651 = PLANE ( 'NONE',  #2032 ) ;
#3652 = DIRECTION ( 'NONE',  ( 1.000000000000000000, 0.000000000000000000, 0.000000000000000000 ) ) ;
#3653 = VECTOR ( 'NONE', #959, 1000.000000000000000 ) ;
#3654 = CARTESIAN_POINT ( 'NONE',  ( -0.8999999999999999112, 0.000000000000000000, -0.2000000000000000944 ) ) ;
#3655 = EDGE_LOOP ( 'NONE', ( #1694, #1706, #1273, #2620, #3079, #241 ) ) ;
#3656 = AXIS2_PLACEMENT_3D ( 'NONE', #1009, #2679, #2113 ) ;
#3657 = LINE ( 'NONE', #3654, #1202 ) ;
#3658 = VERTEX_POINT ( 'NONE', #190 ) ;
#3659 = DIRECTION ( 'NONE',  ( 0.000000000000000000, 1.000000000000000000, 0.000000000000000000 ) ) ;
#3660 = CARTESIAN_POINT ( 'NONE',  ( -3.673940397442057649E-17, 2.773910997119842570, -0.5999999999999998668 ) ) ;
#3661 = CARTESIAN_POINT ( 'NONE',  ( -1.600000000000000089, 0.4899999999999999911, -0.7500000000000000000 ) ) ;
ENDSEC;
END-ISO-10303-21;
